"","moviesDataset.actor_1_facebook_likes","moviesDataset.actor_2_facebook_likes","moviesDataset.actor_3_facebook_likes"
"1",1000,936,855
"2",40000,5000,1000
"3",11000,393,161
"4",27000,23000,23000
"6",640,632,530
"7",24000,11000,4000
"8",799,553,284
"9",26000,21000,19000
"10",25000,11000,10000
"11",15000,4000,2000
"12",18000,10000,903
"13",451,412,393
"14",40000,5000,1000
"15",40000,2000,1000
"16",15000,3000,748
"17",22000,216,201
"18",26000,21000,19000
"19",40000,11000,1000
"20",10000,816,718
"21",5000,972,773
"22",15000,10000,963
"23",891,882,738
"24",5000,972,773
"25",16000,6000,1000
"26",6000,919,84
"27",29000,14000,794
"28",21000,19000,11000
"29",14000,10000,627
"30",3000,2000,1000
"31",883,563,393
"32",24000,11000,4000
"33",21000,4000,3000
"34",40000,25000,11000
"35",20000,808,560
"36",12000,779,760
"37",894,581,464
"38",974,956,808
"39",44000,15000,11000
"40",15000,10000,825
"41",12000,10000,1000
"42",1000,919,776
"43",16000,368,326
"44",15000,1000,721
"45",23000,3000,988
"46",26000,23000,14000
"47",17000,11000,1000
"48",34000,22000,20000
"49",19000,981,928
"50",979,557,140
"51",29000,509,77
"52",15000,567,236
"53",16000,968,919
"54",894,829,581
"55",11000,1000,1000
"56",275,150,113
"57",2000,1000,838
"58",998,119,105
"59",1000,729,522
"60",268,268,173
"61",1000,468,310
"62",18000,14000,10000
"63",17000,15000,13000
"64",11000,10000,103
"65",1000,190,82
"66",34000,13000,1000
"67",23000,13000,11000
"68",1000,848,262
"69",1000,973,459
"70",21000,12000,4000
"71",17000,16000,1000
"72",10000,4000,582
"73",5000,3000,595
"74",10000,336,329
"75",87000,11000,7000
"76",10000,854,509
"77",711,60,60
"78",23000,2000,570
"79",1000,767,384
"80",19000,13000,591
"81",21000,19000,4000
"82",26000,17000,11000
"83",11000,2000,846
"84",10000,2000,884
"85",622,525,283
"86",18000,1000,982
"87",19000,11000,2000
"88",4000,225,213
"89",2000,638,604
"90",756,719,562
"91",975,931,833
"92",15000,726,267
"93",890,812,535
"94",18000,953,759
"95",648,284,191
"96",14000,14000,3000
"97",11000,11000,6000
"98",29000,27000,23000
"99",544,106,12
"100",5000,972,773
"101",23000,14000,4000
"102",11000,1000,919
"103",34000,13000,1000
"104",34000,22000,14000
"105",12000,418,370
"106",87000,2000,702
"107",40000,25000,11000
"108",3000,795,692
"109",3000,716,648
"110",24000,10000,2000
"111",531,82,59
"112",3000,961,691
"113",662,599,581
"114",12000,11000,591
"115",21000,11000,687
"116",21000,11000,10000
"117",10000,9000,979
"118",10000,1000,558
"119",40000,16000,588
"120",1000,1000,954
"121",23000,14000,11000
"122",1000,851,436
"123",49000,3000,1000
"124",20000,16000,2000
"125",309,269,233
"126",1000,523,490
"127",234,198,30
"128",26000,20000,12000
"129",27000,9000,943
"130",15000,745,294
"131",26000,20000,12000
"132",17000,759,699
"133",730,607,182
"134",14000,897,502
"135",40000,17000,16000
"136",10000,10000,641
"137",12000,490,162
"138",11000,10000,103
"139",2000,852,826
"140",11000,10000,15
"141",1000,756,346
"142",22000,10000,979
"143",17000,551,256
"144",921,562,433
"145",20000,14000,586
"146",20000,548,394
"147",3000,1000,517
"148",11000,5000,844
"149",851,770,436
"150",769,766,746
"151",783,370,322
"152",13000,12000,537
"153",10000,3000,826
"154",18000,12000,964
"155",24000,11000,967
"156",10000,10000,690
"157",20000,315,161
"158",957,550,233
"159",10000,956,445
"160",23000,893,748
"161",26000,12000,981
"162",24000,11000,4000
"163",18000,3000,953
"164",18000,934,284
"165",820,780,653
"166",986,745,413
"167",5000,808,91
"168",820,300,258
"169",17000,12000,934
"170",11000,973,848
"171",12000,2000,422
"172",11000,3000,2000
"173",766,536,244
"174",613,172,168
"175",21000,17000,12000
"176",49000,11000,988
"177",3000,1000,882
"178",982,321,184
"179",535,400,358
"180",29000,27000,733
"181",16000,881,463
"182",40000,1000,939
"183",19000,411,179
"184",13000,897,883
"185",11000,967,562
"186",2000,2000,680
"187",34000,14000,523
"188",21000,17000,12000
"189",17000,523,183
"190",10000,1000,807
"191",10000,898,877
"192",4000,442,397
"193",11000,702,282
"194",12000,9000,8000
"195",2000,871,845
"196",11000,10000,10000
"197",309,284,165
"198",10000,943,894
"199",1000,558,388
"200",10000,570,159
"201",49000,3000,1000
"202",24000,11000,8000
"203",11000,687,645
"204",16000,12000,1000
"205",544,106,12
"206",40000,5000,1000
"207",10000,2000,1000
"208",34000,22000,14000
"209",15000,574,362
"210",688,237,56
"211",20000,505,346
"212",23000,14000,12000
"213",21000,979,154
"214",14000,1000,850
"215",605,308,217
"216",845,372,241
"217",10000,826,602
"218",920,890,409
"219",1000,722,636
"220",15000,2000,812
"221",10000,794,653
"222",784,638,461
"223",11000,2000,702
"224",774,358,341
"225",12000,701,402
"226",13000,365,265
"227",2000,1000,1000
"228",13000,9000,641
"229",886,799,537
"230",13000,2000,1000
"231",14000,850,567
"232",10000,2000,1000
"233",690,107,87
"234",273,216,157
"235",10000,973,877
"236",11000,10000,1000
"237",20000,16000,4000
"238",20000,16000,4000
"239",12000,1000,773
"240",20000,992,929
"241",20000,14000,1000
"242",16000,15000,12000
"243",936,276,141
"244",12000,836,617
"245",26000,11000,9000
"246",833,809,429
"247",39,23,13
"248",650,293,268
"249",5000,833,799
"250",596,360,78
"251",49000,3000,1000
"252",12000,2000,884
"253",811,766,387
"254",13000,2000,1000
"255",11000,8000,350
"256",11000,11000,322
"257",14000,5000,1000
"258",29000,3000,827
"259",480,392,116
"260",11000,1000,741
"261",669,554,432
"262",6000,1000,1000
"263",383,113,111
"264",12000,513,421
"265",6000,5000,943
"266",20000,929,544
"267",681,71,40
"268",673,368,202
"269",11000,635,430
"270",13000,300,297
"271",16000,5000,857
"272",1000,1000,447
"273",10000,851,780
"274",760,743,434
"275",10000,981,466
"276",14000,5000,195
"277",979,886,692
"278",852,578,525
"279",13000,801,372
"281",19000,12000,3000
"282",752,631,591
"283",12000,11000,3000
"284",3000,933,695
"285",10000,798,533
"286",11000,10000,9000
"287",6000,1000,834
"288",1000,658,567
"289",780,604,539
"290",40000,23000,1000
"291",18000,782,561
"292",2000,1000,618
"293",18000,464,385
"294",22000,713,708
"295",12000,8000,107
"296",1000,773,383
"297",29000,11000,265
"298",2000,700,542
"299",558,452,253
"300",26000,13000,13000
"301",12000,625,341
"302",3000,762,203
"303",925,468,279
"304",20000,548,394
"305",14000,151,120
"306",40000,11000,3000
"307",1000,1000,595
"308",29000,3000,452
"309",29000,11000,4000
"310",920,710,680
"311",660,475,423
"312",15000,5000,1000
"313",2000,653,577
"314",827,825,566
"315",12000,3000,467
"316",23000,770,720
"317",8000,735,526
"318",26000,13000,11000
"319",1000,897,848
"320",490,294,227
"321",26000,911,571
"322",3000,695,683
"323",13000,537,95
"324",144,42,36
"325",623,508,393
"326",12000,3000,591
"327",29000,14000,1000
"328",23000,196,28
"329",12000,11000,970
"330",11000,2000,465
"331",2000,820,557
"332",8000,331,329
"333",14000,13000,10000
"334",962,740,722
"335",2000,919,442
"336",22000,1000,916
"337",2000,520,502
"338",873,560,310
"339",1000,939,799
"340",5000,857,416
"341",16000,5000,857
"342",12000,3000,766
"343",11000,509,240
"344",40000,11000,968
"345",693,595,527
"346",11000,1000,779
"347",770,419,330
"348",13000,787,476
"349",2000,973,877
"350",1000,723,55
"351",1000,903,810
"352",8000,3000,1000
"353",10000,826,602
"354",15000,1000,967
"355",18000,3000,1000
"356",191,165,141
"357",11000,627,568
"358",622,526,56
"359",835,256,117
"360",3000,806,423
"361",13000,1000,466
"362",29000,13000,1000
"363",2000,500,484
"364",21000,1000,918
"365",18000,1000,585
"366",13000,559,489
"367",21000,979,727
"368",11000,745,635
"369",12000,802,503
"370",35000,1000,1000
"371",10000,1000,919
"372",11000,600,503
"373",22000,11000,1000
"374",3000,882,681
"375",691,569,441
"376",11000,1000,135
"377",833,624,423
"378",591,249,249
"379",8000,956,918
"380",18000,11000,3000
"381",11000,11000,886
"382",192,117,84
"383",11000,577,307
"384",3000,933,281
"385",11000,560,350
"386",49000,1000,957
"387",3000,643,612
"388",11000,11000,2000
"389",14000,602,123
"390",596,360,78
"391",919,691,183
"392",680,655,537
"393",887,886,554
"394",12000,947,599
"395",22000,946,848
"396",23000,14000,4000
"397",15000,410,272
"398",49000,20000,971
"399",13000,805,129
"400",11000,10000,936
"401",11000,1000,471
"402",14000,8000,5000
"403",12000,11000,11000
"404",283,142,118
"405",544,183,148
"406",18000,16000,820
"407",2000,795,439
"408",2000,906,535
"409",14000,3000,213
"410",10000,660,619
"411",11000,2000,963
"412",14000,13000,11000
"413",4000,650,624
"414",14000,5000,1000
"415",5000,35,29
"416",12000,3000,557
"417",670,442,330
"418",879,691,210
"419",584,227,159
"420",1000,579,561
"421",12000,11000,551
"422",672,174,172
"423",813,388,87
"424",8000,886,809
"425",10000,1000,719
"426",894,345,106
"427",611,592,571
"428",4000,2000,271
"429",409,107,20
"430",11000,1000,233
"431",875,826,602
"432",975,760,615
"433",17000,4000,521
"434",3000,169,160
"435",21000,15000,495
"436",3000,975,956
"437",11000,7000,1000
"438",26000,13000,5000
"439",10000,1000,898
"440",34000,14000,575
"441",14000,670,461
"442",920,811,390
"443",13000,7000,925
"444",1000,533,443
"445",12000,8000,852
"446",11000,4000,3000
"447",13000,12000,110
"448",11000,437,421
"449",1000,1000,733
"450",12000,11000,11000
"451",13000,12000,11000
"452",18000,4000,343
"453",29000,223,163
"454",4000,3000,982
"455",1000,311,208
"456",12000,1000,805
"457",11000,869,495
"458",15000,1000,818
"459",11000,3000,503
"460",577,4,0
"461",12000,878,744
"462",3000,982,915
"463",22000,20000,16000
"464",18000,15000,10000
"465",49000,570,159
"466",14000,960,913
"467",13000,967,366
"468",1000,177,38
"469",18000,4000,71
"470",8000,137,67
"471",11000,8000,697
"472",11000,643,397
"473",3000,642,375
"474",13000,503,495
"475",3000,1000,269
"476",10000,882,427
"477",18000,1000,502
"478",898,577,87
"479",12000,11000,859
"480",1000,960,474
"481",340,243,62
"482",891,639,102
"483",9000,496,372
"484",20000,3000,820
"485",2000,277,163
"486",49000,448,129
"487",11000,11000,658
"488",13000,13000,871
"489",20000,770,733
"490",23,21,8
"491",12000,1000,904
"492",13000,1000,1000
"493",981,274,183
"494",13000,10000,366
"495",882,396,210
"496",743,117,41
"497",3000,739,695
"498",529,48,30
"499",23000,18000,982
"500",766,674,582
"501",1000,971,231
"502",14000,788,612
"503",2,0,0
"504",563,80,14
"505",67,63,7
"506",1000,307,212
"507",795,172,74
"508",163,94,20
"509",1000,592,535
"510",2000,886,847
"511",14000,12000,722
"512",622,161,18
"513",22000,12000,876
"514",24000,10000,1000
"515",14000,11000,553
"516",23000,787,771
"517",12000,11000,6000
"518",1000,422,327
"519",22000,1000,924
"520",1000,904,745
"521",1000,872,845
"522",7000,2000,1000
"523",10000,2000,933
"524",610,506,227
"525",851,436,179
"526",16000,430,18
"527",20000,764,505
"528",11000,11000,988
"529",12000,2000,904
"530",835,590,241
"531",11000,427,328
"532",719,339,260
"533",613,422,394
"534",2000,710,692
"535",11000,988,963
"536",12000,11000,4000
"537",15000,466,232
"538",1000,560,218
"539",3000,576,446
"540",867,826,748
"541",22000,15000,15000
"542",22000,17000,11000
"543",912,549,525
"544",374,130,0
"545",12000,1000,680
"546",745,486,412
"547",13000,1000,787
"548",19000,1000,925
"549",15000,509,104
"550",11000,964,138
"551",12000,970,925
"552",13000,450,193
"553",919,303,249
"554",582,103,99
"555",15000,1000,222
"556",87000,13000,759
"557",13000,1000,886
"558",11000,982,541
"559",933,722,533
"560",3000,552,394
"561",3000,889,637
"562",2000,845,568
"563",18000,13000,963
"564",7000,4000,1000
"565",4000,2000,826
"566",12000,854,697
"567",548,270,215
"568",22000,1000,415
"569",11000,1000,715
"570",11000,561,130
"571",3000,638,461
"572",8000,1000,989
"573",1000,692,574
"574",906,466,403
"575",15000,383,210
"576",745,440,433
"577",940,826,745
"578",13000,658,462
"579",21,17,8
"580",3000,2000,882
"581",1000,1000,595
"582",710,529,242
"583",692,309,48
"584",1000,843,769
"585",8000,3000,995
"586",14000,223,212
"587",870,861,726
"588",960,848,808
"589",13000,11000,11000
"590",49000,8000,5000
"591",12000,3000,467
"592",13000,982,576
"593",10000,1000,1000
"594",898,372,160
"595",10000,834,509
"596",3000,579,559
"597",886,766,727
"598",1000,1000,1000
"599",4000,973,841
"600",18000,11000,992
"601",1000,906,748
"602",833,697,464
"603",12000,1000,883
"604",443,277,184
"605",25000,19000,979
"606",13000,13000,559
"607",2000,650,638
"608",903,592,17
"609",3000,692,423
"610",18000,13000,774
"611",15000,588,271
"612",11000,691,400
"613",17000,1000,244
"614",12000,405,384
"615",12000,585,452
"616",989,229,150
"617",5000,327,324
"618",394,217,66
"619",13000,787,407
"620",26000,22000,748
"621",1000,841,390
"622",349,324,298
"623",11000,893,695
"624",2000,509,443
"625",2000,1000,854
"626",26000,326,301
"627",11000,1000,582
"628",844,729,246
"629",13000,1000,585
"630",576,358,182
"631",11000,655,497
"632",21000,17000,10000
"633",22000,10000,580
"634",7000,2000,975
"635",584,220,97
"636",14000,11000,3000
"637",614,451,334
"638",1000,855,776
"639",966,919,681
"640",14000,826,680
"641",788,562,531
"642",29000,149,135
"643",7000,1000,982
"644",3000,3000,911
"645",537,427,232
"646",995,363,359
"647",940,826,745
"648",14000,394,112
"649",15000,14000,13000
"650",3000,3000,464
"651",2000,955,912
"652",1000,939,835
"653",11000,599,354
"654",23000,826,655
"655",18000,145,99
"656",15000,968,552
"657",605,308,217
"658",901,857,775
"659",20000,13000,11000
"660",15000,793,744
"661",8000,3000,105
"662",12000,174,94
"663",21000,561,490
"664",769,698,465
"665",16000,495,416
"666",13000,730,369
"667",848,517,461
"668",13000,718,577
"669",12000,1000,625
"670",8000,4000,403
"671",600,346,174
"672",10000,580,521
"673",2000,1000,929
"674",10000,806,523
"675",27000,1000,520
"676",16000,1000,957
"677",1000,1000,919
"678",509,317,210
"679",14000,1000,974
"680",26000,872,805
"681",394,380,263
"682",324,192,184
"683",17000,14000,539
"684",11000,783,637
"685",11000,529,383
"686",1000,773,575
"687",13000,773,554
"688",975,909,506
"689",623,593,568
"690",268,85,25
"691",3000,1000,1000
"692",23000,13000,6000
"693",11000,1000,970
"694",963,580,221
"695",177,27,16
"696",645,522,481
"697",12000,9000,668
"698",967,610,191
"699",2000,925,812
"700",11000,913,672
"701",21,18,7
"702",979,862,723
"703",11000,919,563
"704",524,517,452
"705",3000,966,645
"706",11000,904,867
"707",46000,1000,1000
"708",8000,1000,970
"709",989,664,439
"710",18000,13000,447
"711",22000,713,708
"712",2000,899,664
"713",15000,745,693
"714",419,330,311
"715",925,729,397
"716",835,812,625
"717",13000,147,73
"718",394,387,345
"719",577,501,475
"720",2000,617,576
"721",770,263,145
"722",1000,955,522
"723",18000,497,459
"724",3000,664,405
"725",26000,9000,82
"726",1000,976,268
"727",13000,11000,754
"728",4000,722,721
"729",10000,3000,695
"730",12000,3000,2000
"731",988,960,240
"732",11000,8000,745
"733",12000,3000,627
"734",13000,11000,357
"735",14000,2000,1000
"736",19000,1000,380
"737",10000,851,680
"738",12000,1000,416
"739",2000,1000,579
"740",10000,3000,1000
"741",1000,975,811
"742",433,208,6
"743",13000,240,175
"744",658,257,226
"745",309,229,57
"746",11000,946,751
"747",18000,992,451
"748",21000,936,722
"749",881,869,767
"750",854,628,626
"751",366,334,160
"752",3000,552,521
"753",10000,884,586
"754",24000,13000,460
"755",834,780,716
"756",1000,944,672
"757",9000,2000,903
"758",732,607,402
"759",966,680,107
"760",789,520,488
"761",539,394,288
"762",34000,22000,14000
"763",18000,992,864
"764",1000,720,672
"765",650,467,295
"766",874,668,642
"767",1000,967,944
"768",11000,8000,2000
"769",1000,759,642
"770",23000,18000,11000
"771",33000,301,300
"772",10000,1000,485
"773",13000,11000,204
"774",18000,748,379
"775",8000,1000,896
"776",1000,417,230
"777",310,219,206
"778",12000,10000,480
"779",27000,1000,906
"780",436,399,210
"781",16000,897,461
"782",2000,1000,896
"783",510,344,308
"784",22000,394,236
"785",22000,14000,1000
"786",13000,968,652
"787",21000,939,569
"788",13000,10000,9000
"789",22000,11000,947
"790",13000,1000,265
"791",287,233,218
"792",865,441,77
"793",11000,102,82
"794",722,585,552
"795",26000,21000,19000
"796",780,265,256
"797",19000,972,854
"798",11000,779,579
"799",968,848,507
"800",889,290,68
"801",20000,882,778
"802",5000,2000,1000
"803",973,400,196
"804",794,329,87
"805",11000,1000,1000
"806",3000,1000,466
"807",19000,961,437
"808",40000,2000,280
"809",26000,368,102
"810",11000,708,617
"811",879,107,22
"812",11000,298,242
"813",16000,805,361
"814",743,730,440
"815",14000,962,318
"816",2000,1000,543
"817",870,558,271
"818",970,834,512
"819",1000,891,809
"820",13000,1000,349
"821",142,117,110
"822",12000,11000,11000
"823",963,935,727
"824",1000,847,839
"825",14000,1000,529
"826",1000,664,519
"827",962,722,479
"828",18000,14000,9000
"829",11000,3000,622
"830",2000,663,40
"831",4000,3000,455
"832",12000,1000,1000
"833",23000,243,58
"834",883,701,676
"835",14000,799,650
"836",12000,795,348
"837",15000,294,194
"838",1000,718,639
"839",22000,713,708
"840",23000,2000,752
"841",10000,593,467
"842",851,773,744
"843",10000,975,681
"844",3000,562,458
"845",3000,864,729
"846",15000,535,186
"847",15000,11000,7000
"848",795,419,394
"849",18000,17000,683
"850",5000,827,708
"851",18000,10000,665
"852",10000,617,168
"853",931,507,354
"854",2000,812,383
"855",12000,702,539
"856",926,890,640
"857",21000,860,490
"858",847,440,72
"859",890,387,348
"860",13000,549,403
"861",13000,11000,812
"862",485,110,95
"863",1000,780,263
"864",1000,549,497
"865",5000,962,947
"866",1000,591,562
"867",534,273,243
"868",57,40,34
"869",22000,2000,135
"870",1000,416,163
"871",838,722,594
"872",622,591,537
"873",933,518,215
"874",12000,509,241
"875",13000,390,327
"876",8000,509,490
"877",4000,796,591
"878",11000,963,539
"879",18000,11000,581
"880",22000,617,552
"881",18000,893,530
"882",13000,2000,877
"883",9000,460,352
"884",789,640,67
"885",995,879,745
"886",939,605,506
"887",3000,2000,518
"888",956,579,287
"889",2000,828,676
"890",226,52,46
"891",617,367,177
"892",13000,854,534
"893",12000,919,845
"894",10000,3000,835
"895",13000,11000,565
"896",14000,1000,889
"897",5000,4000,2000
"898",277,245,240
"899",593,467,420
"900",117,62,43
"901",14000,12000,581
"902",23000,1000,577
"903",4000,808,753
"904",1000,691,653
"905",12000,708,303
"906",40000,19000,3000
"907",23000,638,310
"908",18000,1000,963
"909",16000,3000,1000
"910",852,637,466
"911",21000,3000,681
"912",29000,15000,3000
"913",1000,1000,304
"914",4000,957,931
"915",14000,11000,838
"916",14000,12000,11000
"917",631,534,379
"918",648,568,463
"919",16000,10000,634
"920",134,27,21
"921",22000,721,574
"922",211,135,75
"923",961,691,343
"924",889,624,79
"925",677,560,523
"926",2000,1000,728
"927",21000,17000,12000
"928",145,50,21
"929",13000,963,593
"930",25000,11000,720
"931",10000,743,597
"932",15000,3000,1000
"933",625,440,285
"934",49000,22000,878
"935",11000,8000,7000
"936",12000,11000,828
"937",1000,560,417
"938",8000,883,658
"939",11000,1000,651
"940",17000,920,584
"941",11000,10000,4000
"942",14000,11000,1000
"943",12000,919,569
"944",8000,818,701
"945",8000,2000,322
"946",40000,11000,10000
"947",18000,412,277
"948",1000,495,416
"949",426,387,293
"950",19000,13000,1000
"951",12000,748,329
"952",14000,11000,11000
"953",6000,989,874
"954",33000,15000,7000
"955",13000,258,58
"956",2000,843,660
"957",22000,18000,11000
"958",18000,11000,808
"959",14000,664,660
"960",12000,536,433
"961",20000,979,443
"962",154,131,55
"963",416,171,132
"964",8000,2000,1000
"965",660,651,541
"966",1000,912,477
"967",10000,520,467
"968",838,593,372
"969",15000,348,144
"970",13000,903,414
"971",769,726,681
"972",17000,995,679
"973",87000,11000,935
"974",16000,1000,826
"975",10000,2000,957
"976",495,294,283
"977",992,495,368
"978",18000,4000,585
"979",3000,1000,1000
"980",18000,822,294
"981",490,298,159
"982",437,289,174
"983",16000,823,767
"984",21000,3000,3000
"985",294,273,258
"986",14000,919,706
"987",14000,1000,186
"988",18000,886,323
"989",854,643,158
"990",12000,722,717
"991",29000,414,39
"992",627,508,434
"993",330,119,72
"994",24000,743,432
"995",325,7,5
"996",2000,472,210
"997",15000,2000,1000
"998",13000,563,447
"999",33000,455,401
"1000",45000,13000,282
"1001",879,184,163
"1002",13000,559,323
"1003",430,329,201
"1004",933,631,511
"1005",16000,1000,581
"1006",6000,450,294
"1007",12000,898,764
"1008",629,512,398
"1009",14000,631,521
"1010",13000,1000,639
"1011",11000,552,303
"1012",18000,14000,256
"1013",1000,923,730
"1014",14000,988,655
"1015",10000,6000,509
"1016",23000,1000,795
"1017",51,40,15
"1018",20000,11000,11000
"1019",6000,694,692
"1020",972,713,317
"1021",1000,619,479
"1022",10000,3000,2000
"1023",6000,3000,405
"1024",3000,845,600
"1025",984,940,897
"1026",2000,979,602
"1027",18000,8000,1000
"1028",1000,852,592
"1029",49000,811,809
"1030",14000,8000,1000
"1031",11000,387,338
"1032",2000,602,591
"1033",12000,2000,982
"1034",841,342,77
"1035",26000,5000,848
"1036",1000,531,184
"1037",879,560,380
"1038",22000,882,830
"1039",599,399,215
"1040",11000,844,440
"1041",2000,35,0
"1042",20000,2000,502
"1043",18000,11000,308
"1044",17000,324,237
"1045",598,555,235
"1046",2000,490,393
"1047",27000,254,194
"1048",779,629,261
"1049",18000,12000,1000
"1050",20000,1000,821
"1051",3000,575,484
"1052",12000,5000,886
"1053",23000,8000,600
"1054",14000,794,482
"1055",3000,745,23
"1056",2000,1000,302
"1057",113,102,59
"1058",678,631,327
"1059",1000,977,835
"1060",919,811,807
"1061",13000,954,535
"1062",29,29,12
"1063",4000,769,677
"1064",8000,115,77
"1065",8000,1000,692
"1066",8000,973,135
"1067",14000,509,319
"1068",1000,1000,906
"1069",13000,541,364
"1070",18000,13000,826
"1071",509,418,255
"1072",788,423,345
"1073",1000,623,522
"1074",924,664,628
"1075",14000,935,558
"1076",807,780,750
"1077",545,337,213
"1078",14000,3000,311
"1079",11000,1000,995
"1080",18000,8000,956
"1081",821,577,551
"1082",11000,2000,760
"1083",11000,530,308
"1084",3000,949,586
"1085",20000,15000,1000
"1086",18000,881,854
"1087",25000,724,436
"1088",1000,422,179
"1089",970,91,84
"1090",886,650,595
"1091",17000,807,730
"1092",521,108,67
"1093",2000,902,514
"1094",811,625,560
"1095",14000,14000,548
"1096",18000,1000,1000
"1097",40000,1000,140
"1098",13000,279,20
"1099",982,843,808
"1100",6000,584,559
"1101",14000,8000,3000
"1102",11000,2000,651
"1103",1000,641,631
"1104",14000,706,443
"1105",35000,11000,734
"1106",1000,976,501
"1107",11000,894,132
"1108",1000,845,563
"1109",749,463,404
"1110",550,216,167
"1111",427,304,252
"1112",12000,11000,8000
"1113",913,362,202
"1114",5000,117,107
"1115",29000,14000,10000
"1116",13000,929,795
"1117",14000,844,510
"1118",2000,461,322
"1119",905,484,451
"1120",1000,701,553
"1121",723,44,19
"1122",11000,8000,2000
"1123",409,107,20
"1124",1000,642,579
"1125",13000,861,820
"1126",12000,5000,805
"1127",854,766,501
"1128",3000,1000,855
"1129",23000,1000,826
"1130",879,52,10
"1131",12000,68,61
"1132",11000,1000,865
"1133",267,202,50
"1134",164,116,114
"1135",849,623,269
"1136",219,141,104
"1137",719,611,500
"1138",1000,660,650
"1139",11000,1000,812
"1140",18000,1000,789
"1141",22000,11000,893
"1142",13000,738,668
"1143",23000,2000,643
"1144",1000,48,40
"1145",12000,849,678
"1146",956,845,520
"1147",11000,1000,287
"1148",670,370,225
"1149",12000,10000,664
"1150",11000,5000,5000
"1151",44,28,16
"1152",10000,1000,957
"1153",405,268,135
"1154",26000,956,350
"1155",17000,971,839
"1156",8000,437,427
"1157",579,530,206
"1158",22000,923,650
"1159",723,558,547
"1160",975,815,749
"1161",940,726,595
"1162",4000,828,491
"1163",11000,3000,505
"1164",12000,592,292
"1165",650,537,395
"1166",468,442,412
"1167",683,349,275
"1168",10000,2000,913
"1169",22000,9000,808
"1170",5000,922,687
"1171",12000,43,16
"1172",5000,643,576
"1173",922,786,497
"1174",11000,392,365
"1175",624,489,433
"1176",870,284,253
"1177",1000,172,52
"1178",1000,418,196
"1179",326,152,6
"1180",13000,3000,996
"1181",687,312,96
"1182",13000,3000,766
"1183",107,81,54
"1184",734,574,296
"1185",668,641,225
"1186",34000,23000,14000
"1187",16000,896,723
"1188",984,489,298
"1189",1000,869,690
"1190",19000,11000,903
"1191",1000,935,716
"1192",13000,4000,2000
"1193",18000,11000,1000
"1194",3000,2000,597
"1195",480,449,127
"1196",15000,923,251
"1197",1000,575,336
"1198",10000,349,81
"1199",97,50,49
"1200",2000,869,807
"1201",287,157,71
"1202",1000,869,690
"1203",8000,2000,723
"1204",18000,12000,10000
"1205",11000,935,923
"1206",11000,3000,898
"1207",22000,13000,1000
"1208",13000,899,839
"1209",23000,984,249
"1210",22000,11000,808
"1211",2000,874,655
"1212",855,363,322
"1213",904,876,748
"1214",3000,472,175
"1215",2000,897,882
"1216",24000,4000,257
"1217",700,655,398
"1218",433,256,4
"1219",17000,826,633
"1220",24000,11000,8000
"1221",769,698,465
"1222",2000,2000,651
"1223",982,971,119
"1224",164000,137000,748
"1225",15000,535,423
"1226",578,563,389
"1227",836,719,177
"1228",1000,593,418
"1229",4000,835,823
"1230",2000,2000,968
"1231",15000,1000,720
"1232",11000,980,638
"1233",14000,903,767
"1234",23000,20000,19000
"1235",18000,11000,465
"1236",3000,190,91
"1237",708,78,19
"1238",387,244,162
"1239",2000,1000,520
"1240",954,568,204
"1241",40000,534,501
"1242",18000,426,211
"1243",545,351,280
"1244",3000,2000,988
"1245",1000,689,681
"1246",880,413,235
"1247",13000,936,913
"1248",21000,534,416
"1249",12000,11000,11000
"1250",472,47,0
"1251",1000,741,473
"1252",3000,450,287
"1253",24000,1000,586
"1254",799,690,664
"1255",176,61,57
"1256",405,358,78
"1257",2000,741,687
"1258",12000,638,173
"1259",720,576,552
"1260",683,392,214
"1261",374,258,235
"1262",703,682,495
"1263",711,683,584
"1264",18000,3000,754
"1265",787,299,223
"1266",51,21,12
"1267",1000,613,490
"1268",14000,9000,3000
"1269",924,595,510
"1270",15000,467,64
"1271",293,117,58
"1272",1000,1000,441
"1273",2000,1000,249
"1274",3000,1000,715
"1275",3000,941,294
"1276",607,322,210
"1277",10000,368,44
"1278",964,931,327
"1279",20000,19000,19000
"1280",18000,9000,903
"1281",327,253,135
"1282",22000,926,354
"1283",783,754,353
"1284",877,738,674
"1285",10000,908,795
"1286",22000,11000,616
"1287",978,886,685
"1288",1000,1000,1000
"1289",14000,940,889
"1290",16000,893,683
"1291",4000,887,826
"1292",12000,975,497
"1293",13000,530,351
"1294",6000,382,284
"1295",636,631,572
"1296",13000,11000,563
"1297",11000,944,311
"1298",782,658,402
"1299",326,326,54
"1300",976,799,762
"1301",865,826,624
"1302",875,596,171
"1303",2000,642,613
"1304",2000,886,595
"1305",14000,4000,835
"1306",11000,1000,287
"1307",1000,627,500
"1308",1000,760,706
"1309",521,372,249
"1310",2000,577,485
"1311",12000,2000,61
"1312",1000,1000,259
"1313",3000,545,443
"1314",545,248,219
"1315",11000,372,167
"1316",61,46,39
"1317",795,754,379
"1318",1000,535,87
"1319",15000,460,173
"1320",884,617,502
"1321",11000,922,472
"1322",499,3,2
"1323",1000,970,385
"1324",5000,755,483
"1325",1000,580,533
"1326",11000,557,398
"1327",1000,559,541
"1328",2000,894,596
"1329",720,581,380
"1330",218,133,72
"1331",152,142,100
"1332",747,452,433
"1333",23000,14000,4000
"1334",940,925,787
"1335",2000,505,279
"1336",865,534,511
"1337",593,542,420
"1338",22000,13000,785
"1339",755,643,478
"1340",982,935,559
"1341",18000,957,954
"1342",592,516,275
"1343",12000,2000,1000
"1344",1000,946,906
"1345",643,290,7
"1346",21000,11000,1000
"1347",23000,967,501
"1348",76,47,46
"1349",18000,584,494
"1350",970,919,789
"1351",931,754,692
"1352",598,557,377
"1353",308,285,280
"1354",854,543,466
"1355",40000,903,541
"1356",24000,210,182
"1357",628,316,108
"1358",940,906,736
"1359",12000,1000,982
"1360",957,163,145
"1361",14000,924,904
"1362",37,12,12
"1363",1000,569,427
"1364",13000,2000,260
"1365",378,18,15
"1366",4000,476,217
"1367",2000,898,534
"1368",17000,1000,724
"1369",13000,597,531
"1370",10000,4000,206
"1371",10000,2000,651
"1372",24000,11000,681
"1373",18000,82,35
"1374",26000,10000,471
"1375",786,625,272
"1376",13000,642,574
"1377",2000,756,591
"1378",11000,680,631
"1379",17000,12000,10000
"1380",18000,669,644
"1381",789,744,405
"1382",740,707,651
"1383",463,35,30
"1384",551,284,263
"1385",180,172,133
"1386",496,390,318
"1387",11000,641,631
"1388",9000,1000,475
"1389",14000,919,582
"1390",15000,14000,13000
"1391",2000,912,723
"1392",746,602,577
"1393",12000,3000,2000
"1394",685,485,263
"1395",944,886,450
"1396",541,521,387
"1397",1000,812,642
"1398",14000,839,706
"1399",461,79,51
"1400",45000,645,481
"1401",920,549,488
"1402",877,794,785
"1403",808,277,94
"1404",768,734,624
"1405",778,618,452
"1406",2000,843,640
"1407",18000,464,64
"1408",13000,12000,538
"1409",11000,11000,505
"1410",12000,664,643
"1411",4000,904,680
"1412",22000,1000,387
"1413",18000,5000,1000
"1414",492,392,213
"1415",1000,358,278
"1416",14000,1000,362
"1417",18000,398,210
"1418",947,742,591
"1419",19000,957,945
"1420",900,759,25
"1421",40000,852,574
"1422",812,551,311
"1423",29000,130,80
"1424",826,638,426
"1425",11000,4000,691
"1426",1000,762,568
"1427",15000,3000,923
"1428",17000,329,190
"1429",15000,2000,825
"1430",18000,848,318
"1431",529,130,120
"1432",49000,1000,931
"1433",978,593,227
"1434",49000,838,766
"1435",11000,970,553
"1436",944,940,664
"1437",40000,14000,646
"1438",14000,2000,766
"1439",887,770,723
"1440",24000,15000,939
"1441",15000,552,248
"1442",20000,10000,3000
"1443",1000,700,584
"1444",969,826,196
"1445",897,637,628
"1446",1000,691,447
"1447",288,257,57
"1448",2000,1000,690
"1449",396,338,95
"1450",40000,1000,140
"1451",446,224,206
"1452",730,716,324
"1453",20000,8000,23
"1454",29000,6000,363
"1455",1000,915,844
"1456",775,541,531
"1457",2000,683,636
"1458",2000,648,398
"1459",3000,874,480
"1460",591,488,455
"1461",939,854,769
"1462",907,445,374
"1463",18000,461,229
"1464",22000,1000,558
"1465",287,175,167
"1466",436,263,210
"1467",826,716,296
"1468",11000,1000,973
"1469",10000,979,745
"1470",327,73,63
"1471",1000,766,72
"1472",21000,826,549
"1473",1000,642,418
"1474",1000,412,344
"1475",1000,573,520
"1476",23000,1000,346
"1477",472,328,253
"1478",3000,61,39
"1479",26000,968,458
"1480",4000,4000,663
"1481",3000,1000,734
"1482",465,351,174
"1483",14000,192,136
"1484",11000,10000,10000
"1485",605,367,150
"1486",553,214,134
"1487",18000,826,505
"1488",694,605,141
"1489",2000,1000,919
"1490",1000,603,230
"1491",11000,1000,687
"1492",635,316,105
"1493",1000,206,120
"1494",13000,891,127
"1495",3000,967,766
"1496",2000,826,690
"1497",23000,22,6
"1498",690,457,448
"1499",883,883,567
"1500",2000,729,256
"1501",2000,864,697
"1502",848,674,672
"1503",1000,1000,918
"1504",548,298,115
"1505",695,279,249
"1506",837,541,45
"1507",3,2,0
"1508",30,9,7
"1509",621,525,282
"1510",4000,820,324
"1511",970,856,816
"1512",988,149,129
"1513",1000,249,141
"1514",554,382,94
"1515",20000,1000,1000
"1516",372,248,239
"1517",12000,774,566
"1518",6,3,2
"1519",989,970,954
"1520",40000,9000,1000
"1521",818,649,292
"1522",18000,2000,2000
"1523",113,98,38
"1524",635,631,521
"1525",10000,2000,574
"1526",2000,1000,655
"1527",826,436,330
"1528",324,15,11
"1529",614,150,48
"1530",3000,594,433
"1531",852,521,491
"1532",18000,223,178
"1533",669,403,336
"1534",722,580,577
"1535",26000,828,317
"1536",11000,617,551
"1537",11000,1000,504
"1538",165,107,43
"1539",14000,388,50
"1540",1000,945,833
"1541",22000,11000,8000
"1542",3000,941,796
"1543",773,664,521
"1544",13000,1000,1000
"1545",678,635,327
"1546",722,655,460
"1547",17000,11000,9000
"1548",826,724,573
"1549",22000,9000,975
"1550",23000,4000,1000
"1551",49000,22000,2000
"1552",918,845,534
"1553",15000,491,355
"1554",344,242,240
"1555",8000,912,897
"1556",716,648,223
"1557",16000,1000,642
"1558",649,579,83
"1559",10000,917,882
"1560",26000,1000,810
"1561",29000,165,159
"1562",638,160,142
"1563",12000,368,245
"1564",1000,561,447
"1565",889,618,535
"1566",3000,359,179
"1567",12000,10000,7000
"1568",3000,2000,826
"1569",13000,898,876
"1570",845,552,308
"1571",330,239,239
"1572",11000,10000,3000
"1573",839,730,472
"1574",975,345,320
"1575",10000,877,24
"1576",11000,920,184
"1577",18000,984,874
"1578",244,202,177
"1579",13000,1000,670
"1580",12000,495,442
"1581",687,151,125
"1582",2000,702,617
"1583",783,370,322
"1584",26000,12000,816
"1585",848,808,482
"1586",539,151,90
"1587",12000,11000,781
"1588",3000,1000,1000
"1589",15000,1000,802
"1590",18000,946,780
"1591",17000,359,281
"1592",11000,3000,946
"1593",33000,18000,1000
"1594",826,692,495
"1595",15000,1000,898
"1596",989,939,936
"1597",1000,1000,436
"1598",531,461,460
"1599",11000,995,529
"1600",944,893,452
"1601",11000,11000,360
"1602",2000,433,107
"1603",19000,542,217
"1604",616,541,262
"1605",16000,11000,567
"1606",22000,979,636
"1607",33000,638,545
"1608",2000,805,71
"1609",1000,1000,635
"1610",971,844,786
"1611",769,713,252
"1612",12000,11000,918
"1613",24000,10000,940
"1614",442,344,322
"1615",303,18,7
"1616",23000,13000,502
"1617",979,891,560
"1618",405,368,204
"1619",11000,7000,329
"1620",15000,975,344
"1621",971,741,690
"1622",1000,654,482
"1623",2000,1000,966
"1624",970,631,545
"1625",11000,826,545
"1626",506,316,246
"1627",3000,2000,533
"1628",617,204,183
"1629",14000,3000,691
"1630",40000,1000,877
"1631",18000,652,362
"1632",12000,664,643
"1633",1000,889,837
"1634",3000,459,348
"1635",1000,439,433
"1636",567,269,100
"1637",18000,631,37
"1638",984,934,521
"1639",19000,1000,286
"1640",898,60,22
"1641",939,255,237
"1642",971,860,760
"1643",40000,16000,973
"1644",696,663,543
"1645",455,221,219
"1646",15000,1000,424
"1647",2000,1000,828
"1648",11000,2000,1000
"1649",3000,3000,1000
"1650",2000,594,357
"1651",585,495,64
"1652",8000,189,77
"1653",430,72,63
"1654",26000,821,751
"1655",869,759,362
"1656",22000,581,497
"1657",581,571,384
"1658",13000,854,413
"1659",157,33,21
"1660",971,805,468
"1661",663,349,342
"1662",15000,839,392
"1663",17000,2000,534
"1664",1000,712,439
"1665",680,638,576
"1666",12000,2000,581
"1667",1000,611,506
"1668",940,271,265
"1669",17000,681,273
"1670",1000,530,438
"1671",759,73,69
"1672",577,291,244
"1673",631,199,95
"1674",521,491,400
"1675",11000,882,433
"1676",18000,723,650
"1677",973,776,560
"1678",2000,1000,897
"1679",2000,942,653
"1680",1000,681,642
"1681",2000,401,372
"1682",1000,962,635
"1683",10000,796,343
"1684",14000,829,277
"1685",954,739,431
"1686",978,968,488
"1687",4000,561,537
"1688",19000,953,762
"1689",15000,11000,2000
"1690",14000,975,494
"1691",10000,9000,874
"1692",13000,2000,900
"1693",900,686,559
"1694",1000,692,322
"1695",1000,807,798
"1696",849,787,258
"1697",372,206,130
"1698",489,93,40
"1699",596,343,133
"1700",23000,909,855
"1701",811,586,362
"1702",21000,767,210
"1703",473,315,99
"1704",971,236,165
"1705",22000,829,353
"1706",448,143,120
"1707",1000,857,843
"1708",11000,329,83
"1709",10000,785,645
"1710",891,460,329
"1711",147,63,51
"1712",3000,697,681
"1713",779,240,91
"1714",18000,11000,2000
"1715",22000,683,642
"1716",3000,678,174
"1717",14000,871,548
"1718",2000,378,345
"1719",17000,2000,826
"1720",876,142,135
"1721",489,181,107
"1722",826,816,748
"1723",11000,10000,820
"1724",974,643,187
"1725",295,71,55
"1726",26000,947,700
"1727",18000,1000,313
"1728",1000,898,480
"1729",113,11,11
"1730",922,919,432
"1731",963,903,520
"1732",114,35,21
"1733",1000,794,24
"1734",11000,4000,365
"1735",10000,1000,751
"1736",523,405,154
"1737",757,641,442
"1738",955,869,754
"1739",1000,409,373
"1740",2000,1000,1000
"1741",504,147,89
"1742",2000,719,584
"1743",22000,779,265
"1744",18000,427,400
"1745",11000,1000,933
"1746",1000,857,363
"1747",1000,948,566
"1748",49000,2000,631
"1749",559,427,303
"1750",11000,429,237
"1751",971,503,368
"1752",11000,2000,878
"1753",11000,183,83
"1754",40000,4000,876
"1755",25000,13000,541
"1756",833,543,526
"1757",33000,23000,767
"1758",579,489,210
"1759",639,617,250
"1760",3000,2000,1000
"1761",11000,2000,968
"1762",173,59,47
"1763",13000,1000,327
"1764",1000,872,660
"1765",22000,11000,966
"1766",844,402,244
"1767",11,9,6
"1768",664,655,186
"1769",14000,10000,8000
"1770",576,447,325
"1771",580,336,115
"1772",943,763,559
"1773",553,488,385
"1774",731,579,459
"1775",18000,1000,1000
"1776",35000,7000,3000
"1777",422,286,241
"1778",11000,759,521
"1779",14000,1000,902
"1780",933,194,114
"1781",3000,327,97
"1782",497,347,258
"1784",806,591,585
"1785",738,428,385
"1786",1000,626,453
"1787",1000,937,899
"1788",26000,1000,900
"1789",1000,962,660
"1790",2000,860,845
"1791",2,2,0
"1792",480,261,87
"1793",17000,927,405
"1794",10000,1000,278
"1795",23000,727,561
"1796",594,303,293
"1797",11000,985,529
"1798",673,489,228
"1799",940,706,436
"1800",358,223,162
"1801",386,99,78
"1802",24000,15000,11000
"1803",766,638,535
"1804",12000,1000,664
"1805",1000,482,477
"1806",19000,13000,591
"1807",11000,956,685
"1808",1000,809,326
"1809",953,713,523
"1810",1000,773,715
"1811",66,5,3
"1812",1000,888,429
"1813",13000,11000,1000
"1814",2000,826,820
"1815",898,584,358
"1816",523,312,271
"1817",3000,882,531
"1818",3000,2000,844
"1819",491,154,94
"1820",303,146,137
"1821",11000,597,324
"1822",14000,716,355
"1823",748,489,398
"1824",1000,506,460
"1825",2000,734,640
"1826",8000,698,638
"1827",783,132,57
"1828",22000,22000,638
"1829",1000,968,749
"1830",22000,18000,17000
"1831",844,766,387
"1832",5,4,3
"1833",567,402,328
"1834",2000,528,512
"1835",7000,966,218
"1836",1000,264,239
"1837",14000,439,313
"1838",743,394,344
"1839",11000,989,919
"1840",1000,794,343
"1841",3000,693,648
"1842",8000,1000,442
"1843",813,547,424
"1844",385,232,14
"1845",332,285,178
"1846",748,439,392
"1847",1000,596,577
"1848",2000,850,534
"1849",12000,412,385
"1850",19000,3000,2000
"1851",2000,587,528
"1852",826,130,67
"1853",20000,15000,3000
"1854",1000,934,588
"1855",22000,988,307
"1856",11000,216,155
"1857",771,570,427
"1858",826,590,509
"1859",1000,691,535
"1860",1000,854,223
"1861",642,638,512
"1862",11000,893,277
"1863",15000,980,816
"1864",442,95,26
"1865",16000,543,523
"1866",883,430,151
"1867",260,252,113
"1868",49000,1000,711
"1869",10000,898,628
"1870",16000,601,198
"1871",2000,826,655
"1872",14000,816,485
"1873",775,523,437
"1874",970,854,164
"1875",14000,795,212
"1876",15000,3000,2000
"1877",19000,17000,203
"1878",4000,2000,596
"1879",1000,65,48
"1880",918,782,662
"1881",554,213,127
"1882",770,677,179
"1883",2000,1000,387
"1884",642,533,445
"1885",22000,371,188
"1886",2000,939,883
"1887",655,521,460
"1888",14000,1000,887
"1889",541,399,163
"1890",934,655,643
"1891",3000,448,433
"1892",20000,962,766
"1893",2000,722,472
"1894",5000,848,775
"1895",264,139,108
"1896",440,346,318
"1897",713,220,204
"1898",14000,11000,3000
"1899",40000,14000,2000
"1900",975,521,400
"1901",14000,798,726
"1902",22000,812,317
"1903",640000,8000,7000
"1904",22000,854,635
"1905",1000,934,434
"1906",14000,2000,579
"1907",14000,670,638
"1908",742,658,468
"1909",1000,643,400
"1910",24000,736,733
"1911",695,635,585
"1912",272,111,104
"1913",1000,535,503
"1914",971,503,362
"1915",744,489,466
"1916",2000,953,917
"1917",5000,888,872
"1918",15000,852,816
"1919",1000,619,485
"1920",4000,774,367
"1921",12000,11000,10000
"1922",14000,1000,742
"1923",296,270,177
"1924",1000,562,440
"1925",5000,618,432
"1926",11000,577,530
"1927",17000,1000,960
"1928",328,132,100
"1929",601,543,522
"1930",15000,960,745
"1931",49000,702,403
"1932",288,249,240
"1933",285,81,71
"1934",469,377,288
"1935",1000,401,199
"1936",904,555,370
"1937",756,713,571
"1938",11000,745,461
"1939",460,442,162
"1940",13000,852,743
"1941",3000,571,81
"1942",19000,11000,8000
"1943",90,89,28
"1944",618,172,165
"1945",20000,732,141
"1946",18000,14000,3000
"1947",40000,10000,977
"1948",45,7,3
"1949",17000,861,690
"1950",11000,673,619
"1951",3000,441,155
"1952",26000,5000,874
"1953",11000,876,98
"1954",13000,634,360
"1955",462,444,223
"1956",931,839,825
"1957",967,767,418
"1958",940,595,376
"1959",577,464,58
"1960",902,837,258
"1961",960,664,49
"1962",774,692,347
"1963",798,374,255
"1964",355,155,111
"1965",900,246,218
"1966",985,637,455
"1967",27000,154,151
"1968",874,434,432
"1969",963,936,852
"1970",876,219,70
"1971",3000,466,148
"1972",338,246,141
"1973",971,918,265
"1974",18000,1000,939
"1975",13000,947,872
"1976",562,499,399
"1977",400,223,52
"1978",172,20,8
"1979",27000,798,581
"1980",25000,14000,8000
"1981",854,702,251
"1982",23000,17000,2000
"1983",16000,11000,956
"1984",181,151,92
"1985",941,459,309
"1986",3000,624,354
"1987",10000,826,268
"1988",442,252,174
"1989",174,132,120
"1990",10000,9000,3000
"1991",433,54,42
"1992",843,593,324
"1993",849,841,248
"1994",12000,506,50
"1995",852,521,490
"1996",6000,923,919
"1997",927,912,807
"1998",45,30,18
"1999",783,595,492
"2000",14000,11000,132
"2001",14000,1000,490
"2002",473,31,31
"2003",2000,878,745
"2004",962,266,240
"2005",5000,234,232
"2006",12000,463,407
"2007",783,749,602
"2008",541,173,92
"2009",908,581,416
"2010",44,9,0
"2011",21,15,7
"2012",13000,11000,1000
"2013",1000,870,520
"2014",279,128,87
"2015",79,68,55
"2016",668,535,399
"2017",18000,17000,418
"2018",17000,10000,4000
"2019",12000,664,643
"2020",13000,683,461
"2021",1000,897,848
"2022",865,851,221
"2023",20000,617,439
"2024",966,807,676
"2025",13000,2000,900
"2026",967,455,304
"2027",8000,909,497
"2028",12000,443,161
"2029",45000,1000,970
"2030",893,854,597
"2031",218,216,92
"2032",11000,592,265
"2033",18000,12000,939
"2034",1000,489,384
"2035",11000,1000,898
"2036",2000,989,886
"2037",1000,670,611
"2038",738,295,227
"2039",1000,957,940
"2040",512,481,197
"2041",2000,1000,847
"2042",3000,859,847
"2043",18000,5000,286
"2044",23000,284,254
"2045",742,83,73
"2046",22000,670,382
"2047",12000,854,706
"2048",23000,713,422
"2049",15000,13000,11
"2050",6000,918,84
"2051",11000,1000,427
"2052",11000,504,441
"2053",10000,345,244
"2054",3000,348,144
"2055",1000,847,591
"2056",33000,22000,1000
"2057",14000,991,787
"2058",20000,551,99
"2059",19000,128,105
"2060",20000,732,141
"2061",23000,81,62
"2062",2000,228,88
"2063",20000,797,407
"2064",448,143,120
"2065",327,281,249
"2066",17000,13000,947
"2067",912,535,434
"2068",29000,22000,11000
"2069",721,463,424
"2070",327,261,57
"2071",1000,1000,982
"2072",11000,9000,883
"2073",527,86,64
"2074",2000,1000,720
"2075",201,123,30
"2076",787,748,543
"2077",805,539,73
"2078",556,155,107
"2079",129,25,23
"2080",1000,605,542
"2081",523,468,234
"2082",2000,956,71
"2083",931,852,743
"2084",901,775,595
"2085",2000,1000,1000
"2086",12000,941,835
"2087",16000,11000,86
"2088",436,241,182
"2089",545,429,249
"2090",820,201,171
"2091",649,327,287
"2092",967,912,506
"2093",329,134,55
"2094",955,593,105
"2095",896,561,218
"2096",13000,734,690
"2097",12000,1000,266
"2098",591,489,137
"2099",390,311,110
"2100",11000,1000,287
"2101",150,104,100
"2102",240,226,110
"2103",975,569,517
"2104",978,911,854
"2105",8000,1000,898
"2106",19000,12000,3000
"2107",962,844,595
"2108",19000,17000,1000
"2109",3000,486,83
"2110",26000,11000,798
"2111",554,439,368
"2112",6000,718,678
"2113",1000,826,691
"2114",2000,595,576
"2115",638,50,42
"2116",3000,968,795
"2117",805,173,150
"2118",40000,1000,567
"2119",2000,380,104
"2120",203,172,140
"2121",14000,618,552
"2122",939,875,290
"2123",14000,257,231
"2124",813,85,35
"2125",22000,14000,827
"2126",809,521,80
"2127",23000,820,120
"2128",1000,896,521
"2129",957,821,812
"2130",12000,541,442
"2131",20,10,0
"2132",385,223,159
"2133",16000,281,216
"2134",893,795,406
"2135",22000,557,548
"2136",533,219,199
"2137",18000,558,39
"2138",34000,22000,14000
"2139",2000,826,579
"2140",1000,912,637
"2141",26000,1000,447
"2142",3000,427,149
"2143",711,490,484
"2145",925,472,374
"2146",1000,901,886
"2147",15000,1000,347
"2148",19000,14000,10000
"2149",670,419,186
"2150",34000,242,220
"2151",1000,883,842
"2152",1000,900,716
"2153",11000,783,488
"2154",3000,1000,1000
"2155",559,481,252
"2156",16000,1000,807
"2157",936,901,605
"2158",1000,409,338
"2159",12000,826,173
"2160",1000,619,617
"2161",608,362,218
"2162",813,366,85
"2163",2000,641,597
"2164",6000,960,697
"2165",826,642,563
"2166",989,830,265
"2167",884,617,501
"2168",2000,931,487
"2169",1000,1000,545
"2170",489,93,40
"2171",1000,960,861
"2172",8000,727,552
"2173",596,265,165
"2174",742,360,318
"2175",2000,660,500
"2176",962,593,284
"2177",2000,907,721
"2178",40000,967,658
"2179",11000,10000,418
"2180",982,618,582
"2181",813,165,109
"2182",15000,1000,851
"2183",3000,869,729
"2184",1000,677,434
"2185",1000,1000,852
"2186",3000,455,384
"2187",526,392,349
"2188",826,626,107
"2189",304,253,16
"2190",87000,1000,602
"2191",1000,465,455
"2192",607,378,295
"2193",926,869,729
"2194",919,691,183
"2195",745,168,77
"2196",1000,931,332
"2197",4000,884,464
"2198",508,270,232
"2199",18000,769,636
"2200",49000,2000,1000
"2201",889,877,160
"2202",978,191,101
"2203",565,441,399
"2204",759,401,354
"2205",11000,119,51
"2206",2000,1000,949
"2207",22000,11000,652
"2208",860,523,406
"2209",383,333,322
"2210",10000,1000,631
"2211",31000,881,636
"2212",16000,756,417
"2213",11000,896,755
"2214",141,76,47
"2215",534,385,78
"2216",786,651,587
"2217",13000,481,254
"2218",812,533,429
"2219",1000,100,22
"2220",1000,960,619
"2221",741,297,270
"2222",1000,816,497
"2223",26000,811,287
"2224",14000,4000,1000
"2225",2000,938,518
"2226",18000,11000,2000
"2227",177,55,24
"2228",720,669,650
"2229",125,37,16
"2230",2000,934,756
"2231",3000,775,350
"2232",1000,934,806
"2233",25000,19000,748
"2234",681,611,518
"2235",960,917,637
"2236",12000,804,733
"2237",87000,570,470
"2238",1000,967,458
"2239",646,441,374
"2240",10000,311,107
"2241",2000,1000,877
"2243",606,332,285
"2244",1000,500,490
"2245",15000,989,942
"2246",995,975,949
"2247",691,374,281
"2248",2000,92,83
"2249",1000,367,271
"2250",11000,3000,905
"2251",17000,882,826
"2252",970,931,579
"2253",991,494,206
"2254",16000,4000,844
"2255",304,286,253
"2256",21000,1000,801
"2257",264,62,59
"2258",909,417,215
"2259",3000,968,939
"2260",283,206,161
"2261",6000,979,430
"2262",787,555,472
"2263",17000,12000,10000
"2264",651,555,499
"2265",302,216,153
"2266",1000,909,173
"2267",940,208,202
"2268",8000,963,233
"2269",869,624,329
"2270",137000,459,163
"2271",13000,828,507
"2272",11000,904,783
"2273",788,447,80
"2274",1000,87,62
"2275",26000,968,926
"2276",1000,979,967
"2277",541,249,85
"2278",3000,268,83
"2279",12000,442,385
"2280",922,855,565
"2281",346,41,31
"2282",969,794,347
"2283",17000,1000,884
"2284",400,220,181
"2285",734,563,270
"2286",5000,378,99
"2287",14000,12000,968
"2288",11000,474,223
"2289",2000,1000,677
"2290",14000,1000,580
"2291",22000,2000,383
"2292",1000,612,2
"2293",22000,557,548
"2294",856,742,725
"2295",22000,1000,148
"2296",650,384,177
"2297",688,99,69
"2298",716,537,436
"2299",786,567,463
"2300",683,641,388
"2301",204,178,175
"2302",787,690,593
"2303",997,941,826
"2304",1000,440,376
"2305",885,816,633
"2306",2000,749,99
"2307",669,429,86
"2308",1000,794,522
"2309",1000,452,149
"2310",1000,1000,975
"2311",13000,10000,691
"2312",21000,18000,407
"2313",18000,1000,956
"2314",310,294,81
"2315",690,224,181
"2316",829,681,430
"2317",1000,969,745
"2318",1000,912,544
"2319",20,18,9
"2320",23000,13000,228
"2321",15000,13000,619
"2322",975,877,446
"2323",22000,1000,631
"2324",893,851,745
"2325",572,548,413
"2326",801,174,161
"2327",1000,509,430
"2328",2000,769,400
"2329",836,624,587
"2330",23000,876,722
"2331",991,10,2
"2332",9000,1000,977
"2333",979,532,231
"2334",11000,11000,188
"2335",488,336,101
"2336",18000,723,407
"2337",33000,4000,902
"2338",699,533,324
"2339",46,33,3
"2340",106,56,11
"2341",403,368,311
"2342",14000,506,442
"2343",310,11,9
"2344",3000,602,181
"2345",9000,750,648
"2346",344,281,51
"2347",483,472,60
"2348",18000,867,716
"2349",12000,857,700
"2350",109,36,7
"2351",729,282,53
"2352",22000,2000,897
"2353",14000,1000,889
"2354",12000,991,897
"2355",2000,594,7
"2356",486,471,155
"2357",933,839,232
"2358",3000,957,384
"2359",14000,599,551
"2360",1000,852,528
"2361",611,422,157
"2362",1000,795,670
"2363",888,629,413
"2364",1000,690,459
"2365",885,828,545
"2366",607,269,256
"2367",731,634,319
"2368",544,449,110
"2369",500,308,306
"2370",31000,3000,521
"2371",341,230,211
"2372",1000,539,402
"2373",991,894,219
"2374",17,10,7
"2375",483,91,30
"2376",14000,12000,1000
"2377",876,526,326
"2378",948,822,630
"2379",3000,547,356
"2380",617,134,102
"2381",2000,2000,562
"2382",1000,919,505
"2383",2,0,0
"2384",12000,1000,530
"2385",8000,691,85
"2386",87000,17000,16000
"2387",12000,11000,836
"2388",654,529,233
"2389",82,39,27
"2390",40000,693,551
"2391",3000,2000,985
"2392",920,798,329
"2393",789,424,360
"2394",15000,11000,697
"2395",332,165,6
"2396",2000,788,584
"2397",12000,664,643
"2398",1000,539,457
"2399",1000,489,489
"2400",12000,1000,734
"2401",723,552,172
"2402",748,656,521
"2403",1000,624,566
"2404",8000,503,481
"2405",567,312,261
"2406",975,569,557
"2407",1000,1000,794
"2408",692,670,521
"2409",2000,690,458
"2410",2000,1000,625
"2411",727,171,148
"2412",1000,559,555
"2413",828,787,650
"2414",12000,899,805
"2415",15000,6000,529
"2416",594,268,218
"2417",97,68,64
"2418",2000,1000,582
"2419",18000,11000,2000
"2420",844,456,341
"2421",2000,826,606
"2422",2000,795,723
"2423",643,559,191
"2424",390,258,59
"2425",691,476,406
"2426",22000,394,356
"2427",2000,980,827
"2428",155,144,124
"2429",808,720,637
"2430",11000,642,223
"2431",11000,11000,975
"2432",757,220,111
"2433",10000,566,85
"2434",17000,632,362
"2435",16000,4000,1000
"2436",14000,13000,816
"2437",946,800,529
"2438",12000,904,729
"2439",372,262,102
"2440",11000,2000,1000
"2441",517,376,101
"2442",210,193,179
"2443",805,223,177
"2444",712,341,197
"2445",723,422,371
"2446",405,204,202
"2447",567,67,45
"2448",1000,115,94
"2449",577,416,231
"2450",40000,13000,940
"2451",24000,14000,405
"2452",627,12,9
"2453",27000,18000,1000
"2454",456,278,251
"2455",597,591,401
"2456",989,258,238
"2457",4000,820,201
"2458",11000,944,922
"2459",25000,14000,212
"2460",654,426,405
"2461",63,43,16
"2462",662,290,161
"2463",1000,695,415
"2464",1000,783,576
"2465",364,253,151
"2466",663,551,394
"2467",897,30,30
"2468",84,35,32
"2469",854,578,353
"2470",1000,177,83
"2471",1000,872,757
"2472",805,306,69
"2473",2000,1000,720
"2474",444,312,183
"2475",22000,2000,920
"2476",15000,833,778
"2477",923,619,543
"2478",11000,918,413
"2479",158,152,129
"2480",11000,979,854
"2481",3000,460,242
"2482",866,794,280
"2483",549,269,170
"2484",13000,1000,1000
"2485",109,67,50
"2486",482,203,83
"2487",2000,626,604
"2488",453,272,244
"2489",45000,4000,681
"2490",839,756,613
"2491",912,306,284
"2492",33000,459,422
"2493",2000,742,598
"2494",5000,643,576
"2495",818,636,503
"2496",1000,886,849
"2497",16000,988,968
"2498",723,346,298
"2499",1000,580,486
"2500",12000,10000,1000
"2501",8000,357,281
"2502",15000,976,583
"2503",1000,1000,580
"2504",593,517,428
"2505",427,234,89
"2506",918,912,826
"2507",680,503,104
"2508",10000,751,746
"2509",973,954,505
"2510",989,888,244
"2511",1000,982,973
"2512",690,400,323
"2513",1000,436,142
"2514",3000,960,625
"2515",715,490,86
"2516",394,150,58
"2517",567,503,399
"2518",2000,2000,841
"2519",1000,593,488
"2520",328,122,66
"2521",23000,979,834
"2522",767,327,193
"2523",400,193,161
"2524",3000,979,96
"2525",634,537,60
"2526",214,96,71
"2527",14000,287,55
"2528",1000,876,215
"2529",677,262,168
"2530",669,642,255
"2531",465,152,62
"2532",3000,2000,165
"2533",21000,3000,260
"2534",3000,979,96
"2535",826,508,168
"2536",25000,14000,1000
"2537",11000,838,281
"2538",714,701,433
"2539",638,624,385
"2540",49000,1000,1000
"2541",879,854,481
"2542",227,73,62
"2543",844,617,359
"2544",1000,490,486
"2545",23000,255,35
"2546",996,897,628
"2547",10000,787,389
"2548",13000,13000,559
"2549",20000,4000,597
"2550",241,118,107
"2551",911,521,499
"2552",634,269,250
"2553",1000,921,762
"2554",1000,1000,635
"2555",939,881,522
"2556",3000,1000,638
"2557",861,593,459
"2558",633,67,51
"2559",175,115,108
"2560",851,680,650
"2561",19000,581,252
"2562",908,690,292
"2563",15000,1000,851
"2564",3000,240,95
"2565",835,787,450
"2566",24000,396,271
"2567",8000,2000,324
"2568",854,410,233
"2569",12000,1000,734
"2570",21000,541,238
"2571",812,326,258
"2572",11000,3000,384
"2573",18000,15000,372
"2574",599,380,363
"2575",1000,584,578
"2576",940,416,316
"2577",555,403,215
"2578",11000,650,642
"2579",1000,852,322
"2580",1000,309,186
"2581",1000,418,295
"2582",503,489,465
"2583",10000,316,310
"2584",898,708,258
"2585",3000,1000,888
"2586",939,881,618
"2587",172,55,27
"2588",10000,304,227
"2589",488,289,116
"2590",1000,945,613
"2591",1000,884,805
"2592",5000,170,44
"2593",883,596,567
"2594",890,578,574
"2595",422,57,15
"2596",232,150,125
"2597",844,626,518
"2598",1000,1000,922
"2599",235,46,17
"2600",499,298,102
"2601",901,605,383
"2602",3000,1000,925
"2603",19000,875,801
"2604",13000,521,481
"2605",10000,1000,555
"2606",103,21,5
"2607",18000,828,158
"2608",14000,1000,520
"2609",742,384,247
"2610",460,292,260
"2611",17000,13000,882
"2612",852,581,271
"2613",94,80,13
"2614",11000,744,635
"2615",19000,393,305
"2616",1000,745,271
"2617",874,816,572
"2618",17000,975,569
"2619",1000,340,250
"2620",2000,742,598
"2621",816,695,624
"2622",925,38,27
"2623",326,48,39
"2624",925,692,217
"2625",2000,721,607
"2626",23000,4000,902
"2627",11000,326,259
"2628",1000,431,383
"2629",934,927,799
"2630",22000,11000,652
"2631",22000,4000,957
"2632",925,738,566
"2633",12000,1000,874
"2634",3000,658,562
"2635",4000,4000,1000
"2636",90,22,2
"2637",22000,13000,1000
"2638",11000,983,971
"2639",15000,10000,953
"2640",15000,14000,13000
"2641",23000,1000,883
"2642",13000,876,149
"2643",833,807,685
"2644",20000,1000,944
"2645",607,202,87
"2646",908,764,593
"2647",2000,820,612
"2648",956,878,616
"2649",1000,650,458
"2650",2000,864,731
"2651",14000,1000,850
"2652",18000,636,594
"2653",18000,2000,697
"2654",33000,745,228
"2655",811,636,231
"2656",818,511,106
"2657",10000,1000,306
"2658",116,110,100
"2659",907,807,649
"2660",1000,886,865
"2661",893,822,141
"2662",14000,982,628
"2663",193,184,162
"2664",838,328,266
"2665",19000,567,400
"2666",512,316,125
"2667",12000,310,258
"2668",3000,360,170
"2669",1000,605,232
"2670",1000,786,461
"2671",919,557,399
"2672",912,786,579
"2673",882,874,613
"2674",472,239,129
"2675",826,622,415
"2676",3000,646,461
"2677",989,982,918
"2678",33000,748,619
"2679",775,614,537
"2680",471,308,159
"2681",10000,602,383
"2682",695,654,563
"2683",11000,820,748
"2684",22000,164,123
"2685",826,503,484
"2686",354,173,23
"2687",468,67,44
"2688",1000,786,377
"2689",907,585,526
"2690",11000,5000,358
"2691",796,787,727
"2692",14000,442,366
"2693",436,324,308
"2694",12000,821,745
"2695",427,66,65
"2696",11000,860,563
"2697",595,417,47
"2698",746,561,353
"2699",925,660,629
"2700",989,841,670
"2701",22000,5000,1000
"2702",1000,872,782
"2703",443,319,186
"2704",22000,12000,12000
"2705",3000,788,539
"2706",556,463,274
"2707",11000,883,254
"2708",11000,897,612
"2709",890,852,461
"2710",14000,1000,692
"2711",1000,393,224
"2712",8000,625,596
"2713",65,49,39
"2714",931,539,426
"2715",15000,14000,1000
"2716",24000,971,360
"2717",13000,826,363
"2718",860,658,386
"2719",477,397,275
"2720",572,324,289
"2721",49000,1000,693
"2722",21000,1000,611
"2723",890,729,577
"2724",6000,889,669
"2725",837,400,220
"2726",12000,6000,557
"2727",10000,882,844
"2728",857,555,527
"2729",918,278,25
"2730",876,324,90
"2731",783,664,617
"2732",6000,294,287
"2733",192,134,46
"2734",5000,203,71
"2735",136,23,18
"2736",510,297,58
"2737",12000,970,642
"2738",1000,103,56
"2739",936,826,730
"2740",20,13,9
"2741",64,45,7
"2742",13000,794,570
"2743",825,476,40
"2744",14000,1000,1000
"2745",549,248,2
"2746",17000,14000,642
"2747",776,595,125
"2748",1000,165,66
"2749",735,627,576
"2750",14000,12000,912
"2751",1000,889,537
"2752",179,55,51
"2753",61,57,50
"2754",556,353,19
"2755",631,452,303
"2756",13000,571,512
"2757",20000,17000,642
"2758",29000,1000,954
"2759",1000,767,121
"2760",467,220,124
"2761",16000,11000,638
"2762",3000,769,236
"2763",668,56,40
"2764",886,276,249
"2765",8000,995,700
"2766",770,179,176
"2767",442,162,57
"2768",892,355,277
"2769",10000,854,560
"2770",953,730,496
"2771",10000,960,725
"2772",941,459,309
"2773",13000,954,535
"2774",997,826,748
"2775",456,244,238
"2776",155,130,84
"2777",975,912,648
"2778",18000,17000,418
"2779",849,597,490
"2780",327,172,25
"2781",8000,670,636
"2782",11000,1000,583
"2783",23,12,8
"2784",592,556,279
"2785",706,266,111
"2786",723,422,364
"2787",931,726,467
"2788",874,613,50
"2789",869,779,636
"2790",26000,14000,690
"2791",953,849,625
"2792",3000,2000,654
"2793",718,330,55
"2794",1000,855,514
"2795",22000,740,213
"2796",1000,848,534
"2797",12000,490,458
"2798",1000,935,489
"2799",934,927,799
"2800",12000,593,383
"2801",878,834,169
"2802",962,925,635
"2803",413,412,177
"2804",14000,617,280
"2805",12000,215,191
"2806",10000,233,113
"2807",543,113,15
"2808",159,102,102
"2809",423,15,5
"2810",14000,1000,548
"2811",16000,469,324
"2812",149,44,43
"2813",412,74,59
"2814",380,326,284
"2815",149,32,21
"2816",697,329,322
"2817",13000,1000,338
"2818",826,521,378
"2819",1000,872,767
"2820",15000,13000,11000
"2821",833,809,429
"2822",927,281,201
"2823",2000,258,135
"2824",3000,837,390
"2825",20,3,2
"2826",14000,230,170
"2827",2000,906,816
"2828",539,508,400
"2829",70,2,2
"2830",918,653,471
"2831",273,114,93
"2832",19000,50,21
"2833",49000,263,227
"2834",898,391,385
"2835",569,69,41
"2836",20000,15000,1000
"2837",10000,2000,1000
"2838",22000,14000,3000
"2839",656,363,237
"2840",130,125,54
"2841",3000,3000,579
"2842",3000,934,612
"2843",549,439,316
"2844",13000,6000,360
"2845",833,807,460
"2846",23000,13000,835
"2847",11000,489,301
"2848",11000,852,182
"2849",619,350,2
"2850",8000,902,829
"2851",571,442,329
"2852",1000,997,912
"2853",899,842,782
"2854",904,471,459
"2855",694,558,388
"2856",659,628,435
"2857",1000,345,334
"2858",2000,850,745
"2859",149,145,123
"2860",512,216,213
"2861",939,890,405
"2862",803,587,140
"2863",4000,1000,525
"2864",378,85,78
"2865",24000,912,844
"2866",1000,851,744
"2867",805,681,491
"2868",721,359,294
"2869",899,849,650
"2870",16000,8000,4000
"2871",690,94,75
"2872",3000,1000,730
"2873",4000,957,812
"2874",15000,816,690
"2875",567,326,258
"2876",552,528,499
"2877",12000,530,280
"2878",748,573,548
"2879",2000,257,252
"2880",2000,370,8
"2881",14000,153,73
"2882",979,385,150
"2883",20000,15000,1000
"2884",22000,14000,968
"2885",8000,3000,850
"2886",683,155,147
"2887",2000,812,442
"2888",14000,900,887
"2889",3000,1000,794
"2890",1000,305,304
"2891",306,164,116
"2892",873,461,383
"2893",14000,81,29
"2894",477,238,234
"2895",170,157,113
"2896",581,201,91
"2897",18000,638,543
"2898",13000,795,355
"2899",11000,10000,975
"2900",6000,2000,1000
"2901",18000,14000,99
"2902",818,467,204
"2903",783,782,697
"2904",1000,668,472
"2905",490,185,135
"2906",33000,730,552
"2907",77,32,18
"2908",963,595,322
"2909",1000,653,241
"2910",812,787,599
"2911",966,681,506
"2912",22000,982,844
"2913",18000,322,168
"2914",912,320,191
"2915",717,517,489
"2916",968,844,655
"2917",1000,931,259
"2918",813,559,366
"2919",3000,1000,1000
"2920",6000,637,186
"2921",400,255,148
"2922",997,966,807
"2923",656,528,436
"2924",12000,980,664
"2925",759,595,567
"2926",2000,883,793
"2927",11000,10000,733
"2928",93,17,11
"2929",17000,2000,920
"2930",13000,2000,616
"2931",22000,1000,889
"2932",1000,954,816
"2933",963,465,371
"2934",405,194,122
"2935",629,561,504
"2936",1000,188,135
"2937",971,329,281
"2938",654,416,78
"2939",49000,989,933
"2940",137000,1000,1000
"2941",17000,527,451
"2942",1000,1000,826
"2943",995,729,722
"2944",227,94,84
"2945",6000,1000,834
"2946",4000,1000,898
"2947",28,9,8
"2948",8000,1000,733
"2949",13000,940,599
"2950",3000,966,555
"2951",452,122,79
"2952",347,301,282
"2953",1000,939,898
"2954",1000,482,322
"2955",975,931,805
"2956",1000,837,801
"2957",836,826,717
"2958",733,558,376
"2959",873,691,581
"2960",1000,844,622
"2961",1000,851,580
"2962",833,626,611
"2963",9000,786,390
"2964",26000,725,501
"2965",1000,560,324
"2966",1000,849,604
"2967",988,826,696
"2968",11000,536,471
"2969",1000,230,85
"2970",19000,14000,1000
"2971",362,21,18
"2972",2000,973,877
"2973",529,526,503
"2974",565,555,171
"2975",755,483,4
"2976",664,591,360
"2977",452,328,265
"2978",436,223,192
"2979",931,744,654
"2980",1000,1000,968
"2981",957,925,783
"2982",537,255,99
"2983",433,398,316
"2984",525,281,251
"2985",873,680,599
"2986",1000,65,48
"2987",812,580,103
"2988",5000,1000,794
"2989",629,398,74
"2990",3000,642,212
"2991",769,692,611
"2992",21000,569,442
"2993",211,98,70
"2994",1000,165,77
"2995",3000,1000,520
"2996",878,643,576
"2997",60,46,18
"2998",706,442,393
"2999",845,327,289
"3000",865,685,403
"3001",693,534,146
"3002",941,754,745
"3003",797,474,350
"3004",967,830,820
"3005",662,345,289
"3006",9,2,0
"3007",13000,883,865
"3008",9,4,3
"3009",686,327,280
"3010",52,32,3
"3011",17000,523,183
"3012",970,618,188
"3013",84,33,16
"3014",567,111,18
"3015",181,168,42
"3016",1000,445,247
"3017",399,116,79
"3018",26000,11000,1000
"3019",551,85,84
"3020",969,886,426
"3021",15,6,4
"3022",680,544,388
"3023",215,27,2
"3024",767,281,233
"3025",11000,1000,504
"3026",22000,851,411
"3027",597,396,382
"3028",585,68,14
"3029",755,734,632
"3030",23000,238,141
"3031",608,362,218
"3032",886,655,633
"3033",17000,1000,602
"3034",84,37,32
"3035",1000,854,808
"3036",785,692,621
"3037",991,465,328
"3038",683,548,488
"3039",276,258,191
"3040",4000,656,637
"3041",723,651,647
"3042",1000,898,842
"3043",664,551,549
"3044",584,580,532
"3045",636,330,298
"3046",13000,595,279
"3047",425,394,225
"3048",838,55,54
"3049",385,293,111
"3050",799,711,651
"3051",8000,723,553
"3052",358,156,123
"3053",1000,660,443
"3054",11000,472,303
"3055",16000,638,553
"3056",14000,1000,812
"3057",901,888,795
"3058",960,448,424
"3059",40000,29000,472
"3060",866,147,109
"3061",979,594,579
"3062",658,463,183
"3063",1000,979,787
"3064",3000,275,272
"3065",1000,835,697
"3066",14000,163,40
"3067",338,275,104
"3068",14000,12000,776
"3069",60,35,22
"3070",887,770,723
"3071",845,641,405
"3072",3000,723,357
"3073",917,545,199
"3074",142,79,19
"3075",172,71,48
"3076",8000,1000,860
"3077",893,692,327
"3078",805,766,507
"3079",541,451,132
"3080",273,117,73
"3081",861,725,548
"3082",17000,1000,499
"3083",882,450,194
"3084",665,446,327
"3085",381,102,44
"3086",564,154,119
"3087",482,362,258
"3088",639,377,280
"3089",68,29,24
"3090",49000,13000,893
"3091",14000,12000,571
"3092",723,651,482
"3093",13000,11000,901
"3094",4000,464,229
"3095",798,465,393
"3096",23000,1000,1000
"3097",939,906,736
"3098",723,651,448
"3099",494,392,368
"3100",1000,907,685
"3101",10000,970,638
"3102",726,249,196
"3103",633,613,577
"3104",4000,1000,634
"3105",11000,503,491
"3106",1000,322,270
"3107",18000,769,730
"3108",695,275,139
"3109",1000,400,186
"3110",759,563,345
"3111",794,531,60
"3112",1000,745,581
"3113",4000,334,130
"3114",2000,904,816
"3115",723,706,615
"3116",852,542,482
"3117",854,841,619
"3118",26000,11000,1000
"3119",535,211,120
"3120",904,715,617
"3121",13000,1000,769
"3122",931,797,73
"3123",745,730,257
"3124",623,472,466
"3125",851,543,534
"3126",931,855,782
"3127",1000,809,534
"3128",982,945,678
"3129",10000,919,699
"3130",3000,424,190
"3131",1000,278,275
"3132",1000,412,220
"3133",1000,876,706
"3134",690,533,448
"3135",14000,537,242
"3136",11000,912,718
"3137",556,475,338
"3138",371,324,53
"3139",2000,918,826
"3140",13000,933,766
"3141",929,927,861
"3142",220,186,111
"3143",918,624,558
"3144",1000,962,804
"3145",18000,269,203
"3146",176,67,39
"3147",651,610,536
"3148",2000,683,648
"3149",2000,926,695
"3150",258,218,45
"3151",11000,1000,820
"3152",655,651,307
"3153",773,734,547
"3154",839,700,503
"3155",1000,811,636
"3156",13000,2000,918
"3157",3000,497,442
"3158",962,826,582
"3159",1000,562,458
"3160",772,232,30
"3161",15000,4000,869
"3162",989,939,759
"3163",4000,980,551
"3164",11000,430,309
"3165",4000,796,711
"3166",7000,2000,2000
"3167",537,376,298
"3168",1000,622,472
"3169",460,372,250
"3170",20000,14000,3000
"3171",40000,11000,3000
"3172",939,702,655
"3173",7000,353,172
"3174",1000,939,727
"3175",1000,722,476
"3176",1000,816,602
"3177",1000,581,444
"3178",886,808,719
"3179",24,3,2
"3180",874,262,201
"3181",12000,11000,934
"3182",628,497,322
"3183",427,269,231
"3184",753,695,378
"3185",1000,837,664
"3186",719,405,401
"3187",23000,342,294
"3188",14000,3000,970
"3189",2000,616,581
"3190",144,110,72
"3191",823,759,699
"3192",10000,721,541
"3193",402,296,132
"3194",3000,912,911
"3195",902,576,553
"3196",754,324,311
"3197",634,436,400
"3198",982,503,269
"3199",1000,975,851
"3200",533,35,4
"3201",902,488,249
"3202",6000,139,64
"3203",749,252,221
"3204",530,387,258
"3205",14000,1000,826
"3206",16000,11000,1000
"3207",11000,11000,683
"3208",20,3,2
"3209",307,200,45
"3210",975,537,503
"3211",11000,414,251
"3212",2000,989,688
"3213",22000,893,232
"3214",966,799,622
"3215",20000,329,20
"3216",816,623,54
"3217",990,711,119
"3218",603,175,91
"3219",478,83,51
"3220",787,96,0
"3221",678,541,28
"3222",374,362,241
"3223",837,130,34
"3224",18000,451,131
"3225",374,181,83
"3226",893,798,428
"3227",49000,640,334
"3228",798,769,345
"3229",1000,922,885
"3230",17000,793,146
"3231",16000,542,421
"3232",665,664,553
"3233",78,61,36
"3234",962,545,499
"3235",795,474,385
"3236",12000,3000,875
"3237",806,690,617
"3238",1000,893,495
"3239",835,632,422
"3240",147,52,51
"3241",706,405,240
"3242",906,848,611
"3243",439,161,102
"3244",122,109,72
"3245",11000,826,742
"3246",298,258,126
"3247",485,152,111
"3248",5000,2000,415
"3249",1000,618,196
"3250",30000,744,520
"3251",63,10,5
"3252",1000,891,95
"3253",1000,898,711
"3254",183,136,46
"3255",670,608,482
"3256",398,149,7
"3257",1000,948,899
"3258",764,716,499
"3259",17000,985,452
"3260",786,228,195
"3261",723,706,525
"3262",4000,4000,262
"3263",742,462,244
"3264",31000,1000,1000
"3265",678,432,319
"3266",1000,887,770
"3267",557,290,200
"3268",924,898,760
"3269",148,114,82
"3270",187,176,123
"3271",33000,947,327
"3272",21000,1000,1000
"3273",826,476,129
"3274",594,412,303
"3275",10000,4000,844
"3276",509,446,110
"3277",8000,3000,1000
"3278",1000,581,513
"3279",383,371,177
"3280",17000,908,741
"3281",402,343,51
"3282",244,189,177
"3283",14000,383,123
"3284",580,26,16
"3285",890,851,685
"3286",1000,886,862
"3287",311,189,118
"3288",909,203,184
"3289",2000,971,908
"3290",3000,683,407
"3291",982,729,587
"3292",12000,10000,883
"3293",14000,826,701
"3294",392,249,199
"3295",607,318,179
"3296",911,150,127
"3297",591,520,130
"3298",22000,929,338
"3299",591,579,571
"3300",187,127,35
"3301",1000,710,471
"3302",4000,248,219
"3303",970,906,633
"3304",177,170,140
"3305",1000,300,297
"3306",702,616,261
"3307",745,591,316
"3308",1000,1000,611
"3309",23000,776,277
"3310",45,5,0
"3311",2000,892,748
"3312",7,6,6
"3313",982,602,433
"3314",186,41,5
"3315",149,44,25
"3316",679,537,204
"3317",185,62,18
"3318",22000,1000,558
"3319",573,197,104
"3320",922,374,230
"3321",10000,281,35
"3322",963,168,98
"3323",4000,931,664
"3324",442,162,93
"3325",722,212,151
"3326",1000,900,327
"3327",174,109,59
"3328",580,236,68
"3329",4000,922,896
"3330",668,296,265
"3331",2000,368,305
"3332",967,847,673
"3333",12000,628,175
"3334",563,236,122
"3335",3000,1000,1000
"3336",949,178,170
"3337",35,6,3
"3338",2000,841,133
"3339",579,405,341
"3340",35000,966,429
"3341",736,218,202
"3342",1000,907,559
"3343",28,15,13
"3344",2000,552,179
"3345",8000,327,81
"3346",967,455,304
"3348",638,107,39
"3349",3000,687,119
"3350",97,8,6
"3351",964,551,417
"3352",668,641,225
"3353",440,426,346
"3354",2000,716,636
"3355",205,197,173
"3356",13000,902,857
"3357",1000,985,842
"3358",15000,241,85
"3359",861,499,422
"3360",354,209,195
"3361",15000,161,51
"3362",7000,150,27
"3363",217,107,107
"3364",133,32,27
"3365",389,363,360
"3366",16000,466,459
"3367",1000,886,458
"3368",585,434,388
"3369",23000,10000,3000
"3370",449,332,297
"3371",875,826,602
"3372",363,342,117
"3373",484,345,213
"3374",861,163,102
"3375",18000,18000,591
"3376",803,314,244
"3377",666,579,460
"3378",969,449,112
"3379",452,442,292
"3380",876,801,268
"3381",744,503,475
"3382",24000,827,631
"3383",13000,903,414
"3384",23000,1000,517
"3385",15000,11000,596
"3386",539,290,50
"3387",12000,3000,968
"3388",471,277,86
"3389",434,265,216
"3390",15000,1000,424
"3391",851,780,582
"3392",776,595,306
"3393",1000,962,741
"3394",1000,975,636
"3395",883,826,660
"3396",1000,905,417
"3397",12000,898,136
"3398",3000,788,648
"3399",1000,442,0
"3400",1000,579,386
"3401",963,678,569
"3402",1000,1000,112
"3403",1000,261,168
"3404",943,769,472
"3405",5000,629,594
"3406",14000,1000,291
"3407",1000,273,200
"3408",977,649,249
"3409",61,5,4
"3410",480,12,7
"3411",2000,844,710
"3412",480,257,209
"3413",3000,2000,844
"3414",21000,18000,1000
"3415",735,306,227
"3416",553,177,33
"3417",8000,489,399
"3418",10000,692,405
"3419",905,513,448
"3420",27000,698,427
"3421",954,551,463
"3422",947,526,488
"3423",144,63,47
"3424",6,5,4
"3425",23000,10000,1000
"3426",413,265,23
"3427",31000,920,600
"3428",163,20,11
"3429",186,119,112
"3430",502,206,189
"3431",844,521,15
"3432",1000,524,376
"3433",848,643,26
"3434",981,505,391
"3435",11000,509,325
"3436",1000,1000,890
"3437",186,147,36
"3438",10000,154,40
"3439",24000,829,88
"3440",1000,683,658
"3441",3000,766,221
"3442",827,545,161
"3443",584,552,518
"3444",673,466,147
"3445",611,329,280
"3446",834,749,742
"3447",373,266,249
"3448",24000,15000,968
"3449",12000,844,844
"3450",71,59,59
"3451",631,163,158
"3452",5000,659,447
"3453",3000,912,911
"3454",3000,415,373
"3455",262,65,36
"3456",532,249,60
"3457",963,545,106
"3458",844,708,664
"3459",287,150,93
"3460",18000,860,500
"3461",788,698,641
"3462",24000,11000,4000
"3463",488,488,440
"3464",24000,3000,973
"3465",294,284,96
"3466",244,177,175
"3467",14000,10000,3000
"3468",225,174,92
"3469",23000,17000,11000
"3470",1000,18,11
"3471",17000,15000,11000
"3472",1000,970,82
"3473",581,547,189
"3474",1000,934,430
"3475",16000,109,61
"3476",1000,912,826
"3477",29000,509,76
"3478",21000,650,566
"3479",22000,68,27
"3480",16000,12000,4000
"3481",14000,900,887
"3482",4000,1000,1000
"3483",1000,659,440
"3484",16000,387,244
"3485",1000,841,794
"3486",513,239,159
"3487",13000,366,69
"3488",971,479,270
"3489",718,524,380
"3490",1000,649,597
"3491",4000,3000,970
"3492",637,256,190
"3493",1000,865,826
"3494",883,563,393
"3495",1000,340,303
"3496",246,29,23
"3497",816,105,98
"3498",13000,3000,970
"3499",687,554,304
"3500",893,664,658
"3501",14000,343,292
"3502",883,618,159
"3503",761,412,407
"3504",729,579,397
"3505",116,93,46
"3506",692,585,442
"3507",206,192,38
"3508",787,485,346
"3509",11000,43,35
"3510",10000,794,652
"3511",8000,860,397
"3512",1000,518,501
"3513",490,259,224
"3514",655,476,359
"3515",783,658,617
"3516",4000,787,628
"3517",3000,294,77
"3518",2000,627,149
"3519",1000,690,455
"3520",10000,422,172
"3521",6000,941,798
"3522",963,750,375
"3523",106,54,39
"3524",227,218,106
"3525",756,216,184
"3526",1000,788,611
"3527",23000,20000,973
"3528",554,524,13
"3530",766,358,52
"3531",7000,1000,935
"3532",474,403,281
"3533",4,4,0
"3534",26000,854,410
"3535",876,838,530
"3536",12000,333,184
"3537",91,82,4
"3538",1000,844,507
"3539",99,62,26
"3540",122,35,29
"3541",16000,455,240
"3542",878,847,687
"3543",14000,1000,787
"3544",755,632,578
"3545",149,147,63
"3546",15000,725,493
"3547",177,66,36
"3548",710,697,436
"3549",240,83,83
"3550",34000,924,261
"3551",131,66,58
"3552",60,29,11
"3553",1000,418,415
"3554",585,39,15
"3555",1000,421,300
"3556",46,46,38
"3557",27,26,15
"3558",699,63,51
"3559",804,167,146
"3560",754,567,517
"3561",876,827,689
"3562",900,563,376
"3563",435,230,180
"3564",116,112,45
"3565",730,461,91
"3566",56,36,8
"3567",13000,898,726
"3568",27000,594,466
"3569",1000,373,266
"3570",10000,918,782
"3571",18000,986,874
"3572",844,2,0
"3573",12000,712,706
"3574",1000,433,368
"3575",845,631,471
"3576",2000,663,255
"3577",65,51,43
"3578",1000,54,27
"3579",431,426,358
"3580",18,9,5
"3581",1000,898,781
"3582",1000,944,898
"3583",40000,854,576
"3584",503,328,282
"3585",640,566,399
"3586",382,279,266
"3587",2000,553,535
"3588",1000,1000,447
"3589",804,271,249
"3590",13000,573,484
"3591",3000,685,578
"3592",865,405,328
"3593",18000,979,574
"3594",321,101,92
"3595",16000,876,583
"3596",1000,245,120
"3597",469,436,332
"3598",957,925,658
"3599",742,602,381
"3600",413,282,182
"3601",555,484,405
"3602",472,155,64
"3603",658,378,345
"3604",8000,960,658
"3605",1000,888,502
"3606",711,427,161
"3607",1000,475,360
"3608",1000,149,25
"3609",742,256,120
"3610",11000,106,84
"3612",697,394,221
"3613",1000,744,612
"3614",24000,14000,10000
"3615",8000,806,546
"3616",3000,591,130
"3617",3000,482,28
"3618",1000,1000,664
"3619",4000,899,826
"3620",1000,497,286
"3621",373,308,263
"3622",17000,1000,379
"3623",4000,812,353
"3624",937,828,724
"3625",263,261,179
"3626",97,91,82
"3627",397,77,34
"3628",4000,3000,491
"3629",244,230,15
"3630",944,257,152
"3631",682,288,242
"3632",976,617,362
"3633",187,34,20
"3634",631,104,53
"3635",721,514,284
"3636",767,529,316
"3637",173,67,27
"3638",1000,943,71
"3639",974,595,451
"3640",596,206,90
"3641",773,766,419
"3642",11000,949,898
"3643",11000,826,499
"3644",103,2,0
"3645",861,618,407
"3646",636,472,259
"3647",592,521,99
"3648",16000,10000,874
"3649",933,767,130
"3650",848,816,787
"3651",805,432,334
"3652",391,20,15
"3653",809,447,269
"3654",11000,485,444
"3655",33000,455,400
"3656",163,20,19
"3657",2000,2000,1000
"3658",343,94,28
"3659",978,323,57
"3660",778,635,380
"3661",722,338,136
"3662",229,223,220
"3663",883,528,397
"3664",688,659,501
"3665",592,378,255
"3666",634,284,61
"3667",37,9,6
"3668",25,11,10
"3669",1000,559,417
"3670",368,303,249
"3671",907,637,476
"3672",509,294,35
"3673",23000,19000,694
"3674",16000,742,258
"3675",19000,12000,722
"3676",14000,1000,548
"3677",113,110,60
"3678",517,86,57
"3679",636,210,71
"3680",715,436,93
"3681",782,652,388
"3682",4000,902,781
"3683",232,67,36
"3684",56,46,9
"3685",31,17,16
"3686",397,227,199
"3687",934,697,290
"3688",472,39,38
"3689",4000,543,139
"3690",5000,680,222
"3691",286,52,27
"3692",796,567,114
"3693",393,259,149
"3694",631,0,0
"3695",208,191,32
"3696",374,282,47
"3697",852,618,482
"3698",1000,654,651
"3699",14000,338,82
"3700",608,362,218
"3701",2000,509,300
"3702",581,438,434
"3703",852,707,704
"3704",506,449,150
"3705",1000,562,458
"3706",399,89,83
"3707",235,119,113
"3708",726,422,275
"3709",462,278,80
"3710",40000,618,581
"3711",9000,844,592
"3712",617,53,51
"3713",510,358,332
"3714",12000,754,452
"3715",11000,3000,896
"3716",10000,830,801
"3717",716,651,379
"3718",972,407,202
"3719",1000,898,657
"3720",838,203,34
"3721",7000,468,424
"3722",901,413,287
"3723",492,155,75
"3724",2000,804,73
"3725",205,130,77
"3726",977,485,157
"3727",11000,3000,1000
"3728",882,845,388
"3729",1000,597,498
"3730",1000,835,697
"3731",1000,200,161
"3732",1000,694,467
"3733",2000,434,426
"3734",17000,2000,423
"3735",535,440,422
"3736",13000,970,142
"3737",935,120,65
"3738",567,312,249
"3739",11000,892,192
"3740",742,152,141
"3741",269,43,19
"3742",605,427,358
"3743",1000,984,664
"3744",11000,189,111
"3745",742,120,101
"3746",690,190,85
"3747",801,796,551
"3748",926,400,268
"3749",520,270,205
"3750",968,934,260
"3751",155,78,13
"3752",21000,982,826
"3753",746,333,70
"3754",729,706,355
"3755",849,578,409
"3756",998,164,99
"3757",927,509,503
"3758",93,45,44
"3759",3000,835,797
"3760",150,28,21
"3761",559,249,136
"3762",847,591,560
"3763",11000,794,576
"3764",859,448,448
"3765",2000,936,556
"3766",1000,778,572
"3767",973,423,392
"3768",4000,585,334
"3769",18000,572,372
"3770",2000,847,701
"3771",55,0,0
"3772",990,900,395
"3773",186,135,32
"3774",25000,579,39
"3775",922,162,83
"3776",14000,433,88
"3777",4000,849,473
"3778",8000,981,939
"3779",624,385,102
"3780",23000,1000,360
"3781",722,280,145
"3782",10000,963,688
"3783",967,289,192
"3784",3000,971,600
"3785",727,442,233
"3786",740,625,276
"3787",578,435,361
"3788",387,96,65
"3789",10000,1000,977
"3790",75,45,14
"3791",6,0,0
"3792",311,59,51
"3793",948,779,440
"3794",3000,1000,940
"3795",197,116,100
"3796",1000,697,697
"3797",889,680,383
"3798",432,309,99
"3799",343,29,15
"3800",811,522,227
"3801",1000,1000,904
"3802",46,21,14
"3803",331,93,78
"3804",570,337,141
"3805",866,738,686
"3806",3000,2000,854
"3807",695,617,483
"3808",1000,922,816
"3809",745,508,394
"3810",979,732,388
"3811",989,970,541
"3812",708,699,601
"3813",12000,316,179
"3814",1000,266,126
"3815",1000,849,826
"3816",975,900,723
"3817",784,763,668
"3818",40000,3000,1000
"3819",741,615,538
"3820",61,12,4
"3821",595,486,269
"3822",3000,324,263
"3823",874,579,537
"3824",1000,1000,581
"3825",1000,887,427
"3826",982,463,41
"3827",968,733,339
"3828",10000,838,621
"3829",927,833,316
"3830",237,28,14
"3831",773,476,372
"3832",33000,1000,428
"3833",226,40,20
"3834",571,345,329
"3835",5,0,0
"3836",18000,66,16
"3837",584,580,413
"3838",74,52,9
"3839",943,480,140
"3840",13000,1000,577
"3841",109,10,3
"3842",801,760,542
"3843",1000,511,83
"3844",1000,398,239
"3845",1000,901,811
"3846",232,169,68
"3847",22000,3000,346
"3848",562,560,298
"3849",3000,441,126
"3850",1000,1000,167
"3851",188,135,37
"3852",341,26,4
"3853",854,652,491
"3854",589,416,402
"3855",15000,933,701
"3856",274,154,122
"3857",25,20,3
"3858",835,601,391
"3859",1000,887,844
"3860",717,126,38
"3861",24,12,9
"3862",26000,1000,798
"3863",155,96,76
"3864",820,356,327
"3865",129,2,0
"3866",14000,1000,329
"3867",327,82,62
"3868",888,721,425
"3869",19000,570,212
"3870",898,842,753
"3871",85,26,12
"3872",662,517,505
"3873",2000,298,261
"3874",2000,1000,422
"3875",1000,146,100
"3876",309,254,93
"3877",446,20,8
"3878",464,374,106
"3879",29,9,7
"3880",20000,559,394
"3881",755,632,578
"3882",1000,557,551
"3883",471,232,130
"3884",114,28,16
"3885",1000,530,327
"3886",110,95,95
"3887",648,529,231
"3888",125,108,56
"3889",19000,13000,11
"3890",11000,636,629
"3891",232,178,132
"3892",23000,892,748
"3893",13000,595,80
"3894",584,430,428
"3895",12000,898,687
"3896",707,619,555
"3897",431,426,358
"3898",597,222,116
"3899",3000,465,326
"3900",746,119,69
"3901",1000,1000,904
"3902",14000,3000,712
"3903",355,151,133
"3904",773,742,145
"3905",847,670,428
"3906",45000,541,400
"3907",230,193,127
"3908",19000,427,405
"3909",1000,658,567
"3910",522,231,69
"3911",939,706,585
"3912",658,636,407
"3913",862,403,268
"3914",49000,780,710
"3915",584,246,27
"3916",798,374,255
"3917",382,273,143
"3918",986,713,511
"3919",16000,977,968
"3920",204,187,148
"3921",812,466,242
"3922",4000,975,960
"3923",769,413,296
"3924",960,12,0
"3925",721,246,237
"3926",925,729,611
"3927",834,625,545
"3928",497,113,90
"3929",730,394,71
"3930",1000,947,939
"3931",420,291,161
"3932",48,0,0
"3933",721,576,324
"3934",947,685,322
"3935",1000,1000,842
"3936",979,665,444
"3937",2000,811,687
"3938",690,227,226
"3939",12000,1000,221
"3940",419,254,159
"3941",10000,633,195
"3942",945,774,209
"3943",759,638,428
"3944",623,85,69
"3945",617,163,67
"3946",736,450,70
"3947",578,29,15
"3948",18000,6000,748
"3949",4000,575,476
"3950",331,27,9
"3951",530,238,65
"3952",254,248,218
"3953",18000,759,599
"3954",585,29,9
"3955",3000,3000,2000
"3956",762,706,641
"3957",686,246,150
"3958",114,45,22
"3959",713,649,69
"3960",223,11,5
"3961",431,12,4
"3962",650,536,183
"3963",763,637,359
"3964",399,129,35
"3965",166,134,104
"3966",637,346,271
"3967",544,476,111
"3968",11000,744,635
"3969",559,269,94
"3970",3000,977,682
"3971",503,384,248
"3972",507,236,196
"3973",773,575,288
"3974",881,826,601
"3975",277,244,83
"3976",414,365,106
"3977",119,69,24
"3978",963,654,388
"3979",89,78,48
"3980",117,64,64
"3981",3000,796,480
"3982",14000,902,767
"3983",443,421,395
"3984",183,89,77
"3985",1000,891,121
"3986",628,575,318
"3987",2000,872,6
"3988",826,723,624
"3989",851,582,556
"3990",912,906,496
"3991",3000,273,178
"3992",575,372,242
"3993",255,220,188
"3994",157,139,75
"3995",606,481,367
"3996",195,146,118
"3997",648,191,159
"3998",625,118,78
"3999",385,356,111
"4000",3000,258,248
"4001",827,88,50
"4002",1000,177,83
"4003",430,209,108
"4004",634,328,199
"4005",560,555,542
"4006",984,697,689
"4007",174,16,10
"4008",29,4,4
"4009",827,729,681
"4010",622,591,536
"4011",11000,8000,405
"4012",4000,756,660
"4013",426,294,131
"4014",368,168,31
"4015",922,893,467
"4016",773,133,119
"4017",708,574,460
"4018",2000,774,739
"4019",21,3,0
"4020",603,145,50
"4021",2000,660,597
"4022",795,535,322
"4023",1000,53,37
"4024",1000,628,605
"4025",11000,108,34
"4026",18000,2000,969
"4027",141,69,43
"4028",1000,585,539
"4029",24000,970,535
"4030",1000,69,40
"4031",798,472,78
"4032",632,144,80
"4033",11000,505,303
"4034",74,69,26
"4035",662,577,378
"4036",625,464,377
"4037",595,251,129
"4038",756,521,491
"4039",631,443,405
"4040",15,2,0
"4041",917,563,449
"4042",756,423,332
"4043",828,390,194
"4044",280,11,6
"4045",1000,394,157
"4046",164000,2000,898
"4047",1000,783,559
"4048",387,202,177
"4049",691,480,463
"4050",488,275,248
"4051",2000,887,557
"4052",1000,436,360
"4053",438,332,189
"4054",773,588,482
"4055",909,504,184
"4056",878,10,4
"4057",426,359,217
"4058",687,443,249
"4059",942,810,535
"4060",1000,419,412
"4061",71,65,12
"4062",253,197,110
"4063",220,162,158
"4064",2000,970,693
"4065",88,82,49
"4066",956,316,155
"4067",682,119,87
"4068",610,232,175
"4069",897,844,416
"4070",516,417,180
"4071",935,805,307
"4072",18,16,14
"4073",989,744,220
"4074",13000,884,748
"4075",685,178,77
"4076",1000,927,706
"4077",556,422,125
"4078",877,862,760
"4079",927,209,200
"4080",11,0,0
"4081",862,376,281
"4082",939,407,233
"4083",140,63,48
"4084",641,168,152
"4085",674,174,135
"4086",912,637,469
"4087",953,625,453
"4088",578,476,110
"4089",1000,329,31
"4090",883,183,163
"4091",472,324,51
"4092",729,257,200
"4093",1000,864,547
"4094",240,177,124
"4095",687,233,222
"4096",578,341,267
"4097",820,350,180
"4098",11000,813,194
"4099",3000,2000,844
"4100",10000,721,353
"4101",962,481,270
"4102",113,64,29
"4103",22000,11000,812
"4104",489,26,24
"4105",40000,3000,387
"4106",717,78,38
"4107",439,399,221
"4108",694,324,104
"4109",574,327,165
"4110",904,281,221
"4111",702,366,331
"4112",13000,260,168
"4113",962,476,322
"4114",723,539,476
"4115",4000,3000,416
"4116",786,341,246
"4117",912,750,249
"4118",536,317,197
"4119",3000,571,81
"4120",40,37,23
"4121",289,38,17
"4122",1000,902,847
"4123",487,298,236
"4124",599,325,56
"4125",2000,683,605
"4126",767,122,77
"4127",798,634,617
"4128",231,27,19
"4129",40000,25000,11000
"4130",1000,975,452
"4131",433,396,357
"4132",652,124,47
"4133",3000,1000,975
"4134",319,302,73
"4135",2000,606,454
"4136",756,754,480
"4137",1000,810,382
"4138",2000,715,471
"4139",1000,747,375
"4140",904,779,648
"4141",201,39,37
"4142",2000,520,502
"4143",854,602,356
"4144",2000,536,463
"4145",119,14,11
"4146",931,416,248
"4147",640,277,214
"4148",267,225,183
"4149",216,158,21
"4150",875,412,394
"4151",264,139,108
"4152",447,236,142
"4153",130,96,39
"4154",679,234,29
"4155",275,247,165
"4156",105,103,102
"4157",935,448,181
"4158",695,421,357
"4159",1000,595,481
"4160",569,529,192
"4161",464,426,327
"4162",402,222,42
"4163",481,81,48
"4164",258,85,32
"4165",122,33,13
"4166",756,370,359
"4167",20,3,2
"4168",760,675,315
"4169",1000,1000,628
"4170",158,84,74
"4171",88,64,46
"4172",443,249,239
"4173",833,549,327
"4174",40000,9000,1000
"4175",52,52,28
"4176",123,76,36
"4177",11,4,4
"4178",331,272,209
"4179",804,786,390
"4180",65,2,0
"4181",713,584,555
"4182",871,118,67
"4183",908,764,593
"4184",15000,9000,982
"4185",381,128,67
"4186",595,521,450
"4187",617,189,124
"4188",1000,309,36
"4189",18000,595,535
"4190",625,379,294
"4191",15,12,4
"4192",50,16,6
"4193",745,631,442
"4194",643,265,209
"4195",56,41,40
"4196",902,291,215
"4197",900,648,471
"4198",8000,1000,478
"4199",882,577,362
"4200",334,4,0
"4201",860,130,125
"4202",655,157,107
"4203",989,939,936
"4204",640,261,249
"4205",191,12,5
"4206",611,397,315
"4207",127,10,10
"4208",426,399,35
"4209",2000,973,370
"4210",794,607,555
"4211",968,625,577
"4212",1000,677,442
"4213",1000,748,702
"4214",973,872,201
"4215",586,497,233
"4216",490,159,109
"4217",1000,788,698
"4218",844,722,663
"4219",675,659,226
"4220",847,618,76
"4221",982,599,326
"4222",960,715,244
"4223",1000,646,608
"4224",2000,1000,826
"4225",11000,516,385
"4227",813,165,109
"4228",210,0,0
"4229",72,31,20
"4230",42,27,17
"4231",861,425,275
"4232",2000,848,835
"4233",676,399,306
"4234",509,284,275
"4235",1000,800,708
"4236",114,79,18
"4237",3000,938,782
"4238",371,52,42
"4239",749,208,188
"4240",730,648,551
"4241",117,21,14
"4242",128,22,17
"4243",120,9,7
"4244",919,718,650
"4245",749,354,338
"4246",846,366,260
"4247",412,308,106
"4248",559,201,177
"4249",40,30,14
"4250",480,360,213
"4251",11000,66,45
"4252",314,189,159
"4253",11000,300,258
"4254",3000,226,161
"4255",745,531,41
"4256",483,147,75
"4257",618,367,177
"4258",173,148,103
"4259",120,44,32
"4260",380,284,155
"4261",690,589,341
"4262",654,491,366
"4263",1000,760,380
"4264",23,6,0
"4265",912,752,580
"4266",14000,119,92
"4267",50,8,3
"4268",85,79,35
"4269",1000,482,374
"4270",936,297,167
"4271",34000,248,179
"4272",21,5,3
"4273",480,392,300
"4274",538,363,244
"4275",13000,125,18
"4276",804,625,328
"4277",251,147,116
"4278",24000,23000,2000
"4279",1000,426,349
"4280",8000,724,685
"4281",265,194,186
"4282",459,396,344
"4283",597,591,401
"4284",71,51,37
"4285",56,0,0
"4286",178,69,40
"4287",393,21,17
"4288",10000,1000,80
"4289",11000,289,143
"4290",168,142,65
"4291",991,962,887
"4292",373,334,218
"4293",388,159,120
"4294",584,559,490
"4295",189,131,126
"4296",1000,572,164
"4297",49000,1000,902
"4298",386,357,268
"4299",33,3,0
"4300",353,89,72
"4301",326,246,137
"4302",22000,12000,966
"4303",5000,497,20
"4304",25000,463,256
"4305",780,747,543
"4306",532,85,24
"4307",584,356,267
"4308",589,488,395
"4309",10000,773,89
"4310",529,423,399
"4311",787,196,163
"4312",26000,11000,1000
"4313",363,223,85
"4314",985,637,455
"4315",160,152,94
"4316",13000,698,418
"4317",638,449,395
"4318",513,480,161
"4319",29,18,12
"4320",766,312,268
"4321",253,113,103
"4322",121,94,47
"4323",413,167,107
"4324",674,27,8
"4325",11000,430,167
"4326",473,303,46
"4327",601,453,372
"4328",685,511,424
"4329",1000,29,18
"4330",633,597,332
"4331",15000,284,171
"4332",2000,811,722
"4333",34000,463,424
"4334",416,403,356
"4335",594,591,322
"4336",16000,57,51
"4337",924,472,293
"4338",907,164,137
"4339",909,562,119
"4340",10000,1000,894
"4341",680,418,233
"4342",2000,860,618
"4343",11000,1000,412
"4344",18000,1000,223
"4345",548,495,482
"4346",405,217,164
"4347",16000,517,263
"4348",920,680,594
"4349",161,10,5
"4350",533,323,164
"4351",17000,2000,534
"4352",733,168,71
"4353",40000,852,574
"4354",41,27,0
"4355",42,40,3
"4356",628,606,585
"4357",463,400,308
"4358",1000,548,231
"4359",10000,416,114
"4360",654,575,277
"4361",201,163,67
"4362",2000,458,168
"4363",595,356,196
"4364",767,380,280
"4365",553,471,186
"4366",141,77,61
"4367",16000,14000,808
"4368",12000,580,482
"4369",0,0,0
"4370",16000,844,426
"4371",2000,399,114
"4372",647,642,491
"4373",467,258,165
"4374",433,108,91
"4375",761,713,685
"4376",486,37,34
"4377",701,461,446
"4378",900,450,120
"4379",86,42,11
"4380",953,399,345
"4381",595,70,67
"4382",1000,874,783
"4383",635,445,374
"4384",349,347,327
"4385",680,46,34
"4386",638,85,73
"4387",887,805,420
"4388",319,302,275
"4389",862,488,426
"4390",281,230,89
"4391",651,611,575
"4392",489,469,249
"4393",713,607,394
"4394",227,4,0
"4395",327,51,2
"4396",53,30,27
"4397",11000,481,324
"4398",421,96,45
"4399",963,710,21
"4400",2000,163,127
"4401",427,253,114
"4402",3000,2000,1000
"4403",597,541,336
"4404",633,403,49
"4405",607,319,248
"4406",3000,202,82
"4407",436,25,18
"4408",378,321,117
"4409",9,4,3
"4410",260000,454,354
"4411",472,239,82
"4412",991,971,900
"4413",1000,787,642
"4414",852,618,588
"4415",752,324,166
"4416",827,22,7
"4417",0,0,0
"4418",552,265,42
"4419",801,727,690
"4420",902,424,164
"4421",33000,243,76
"4422",947,530,442
"4423",393,191,56
"4424",210,148,83
"4425",813,522,423
"4426",1000,826,616
"4427",936,935,488
"4428",309,8,8
"4429",954,767,597
"4430",634,328,158
"4431",890,597,424
"4432",563,485,360
"4433",826,189,121
"4434",38,8,7
"4435",413,98,57
"4436",87000,781,711
"4437",310,228,134
"4438",1000,725,721
"4439",61,46,28
"4440",0,0,0
"4441",199,134,108
"4442",979,975,636
"4443",129,98,71
"4444",341,265,146
"4445",3000,660,259
"4446",835,522,492
"4447",10000,3000,1000
"4448",501,418,56
"4449",708,571,485
"4450",82,47,31
"4451",341,5,3
"4452",984,423,387
"4453",87,70,37
"4454",1000,301,256
"4455",756,382,295
"4456",412,4,3
"4457",847,147,69
"4458",1000,370,356
"4459",26000,1000,452
"4460",883,655,467
"4462",280,278,141
"4463",12000,680,636
"4464",51,24,5
"4465",2000,783,548
"4466",413,197,98
"4467",13000,969,652
"4468",210,121,109
"4469",0,0,0
"4470",232,23,13
"4471",2000,1000,624
"4472",374,145,40
"4473",700,460,134
"4474",35000,516,511
"4475",1000,991,333
"4476",309,121,59
"4477",287,160,66
"4478",796,697,132
"4479",2000,245,183
"4480",578,418,397
"4481",469,79,48
"4482",595,176,137
"4483",934,691,201
"4484",3000,372,161
"4485",828,531,65
"4486",2000,878,651
"4487",816,577,422
"4488",18000,748,434
"4489",31,24,3
"4490",18000,4000,71
"4491",307,209,73
"4492",2000,710,612
"4493",282,255,232
"4494",13000,11000,1000
"4495",1000,1000,849
"4496",890,848,449
"4497",16000,12000,455
"4498",94,62,51
"4499",16000,34,24
"4500",61,9,4
"4501",1000,330,274
"4502",268,44,3
"4504",49000,931,924
"4505",34,29,24
"4506",3,2,0
"4507",690,316,95
"4508",387,295,227
"4509",843,490,94
"4510",721,134,5
"4511",380,91,63
"4512",584,399,117
"4513",586,434,148
"4514",10000,500,475
"4515",498,350,312
"4516",16000,1000,804
"4517",680,404,68
"4518",511,457,206
"4519",448,426,147
"4521",14,4,3
"4522",412,48,25
"4523",434,95,48
"4524",1000,342,60
"4525",1000,745,252
"4526",12,0,0
"4527",2000,607,269
"4528",12,5,5
"4529",964,22,20
"4530",844,184,42
"4531",13000,1000,794
"4532",321,287,9
"4533",2000,826,606
"4534",883,269,69
"4535",707,305,142
"4536",22000,745,595
"4537",1000,823,725
"4538",650,275,177
"4539",1000,466,300
"4540",266,209,100
"4541",634,420,295
"4542",1000,989,683
"4543",43,3,3
"4544",33000,2000,616
"4545",2000,508,226
"4546",403,169,128
"4547",503,46,44
"4548",356,110,102
"4550",183,102,88
"4551",543,426,184
"4552",640,550,389
"4553",202,47,30
"4554",422,374,365
"4555",37,3,2
"4556",544,264,245
"4557",22000,472,458
"4558",24000,3000,973
"4559",3000,439,180
"4560",321,300,287
"4561",612,457,313
"4562",496,238,229
"4563",130,19,13
"4564",21000,104,13
"4565",778,695,584
"4566",1000,891,121
"4567",783,659,5
"4568",1000,826,428
"4569",1000,282,124
"4570",2000,1000,543
"4571",245,38,6
"4572",957,81,25
"4573",353,186,97
"4574",1000,898,842
"4575",406,203,194
"4576",11000,552,463
"4577",611,394,301
"4578",638,400,275
"4579",844,625,268
"4580",11000,733,145
"4581",20,13,7
"4582",1000,835,772
"4583",7000,71,11
"4584",855,577,551
"4585",873,559,310
"4586",3,3,0
"4587",141,125,23
"4588",102,7,5
"4589",12,3,0
"4590",978,922,679
"4591",53,24,9
"4592",20,8,0
"4593",260000,984,891
"4594",724,668,219
"4595",969,962,725
"4596",443,298,271
"4597",499,230,117
"4598",590,231,73
"4599",96,71,14
"4600",2000,571,490
"4601",386,261,256
"4602",262,163,61
"4603",446,171,150
"4604",975,645,394
"4605",491,490,422
"4606",639,361,94
"4607",563,288,176
"4608",474,436,4
"4609",327,9,8
"4610",7,5,4
"4611",442,403,228
"4612",782,490,396
"4613",363,275,131
"4614",984,157,106
"4615",694,196,47
"4616",767,282,149
"4617",34000,17000,904
"4618",1000,618,171
"4619",199,37,23
"4620",458,383,317
"4621",90,0,0
"4622",898,395,360
"4623",592,207,110
"4624",10000,854,402
"4625",224,59,37
"4626",335,334,177
"4627",92,17,0
"4628",57,40,36
"4629",677,366,253
"4630",214,211,115
"4631",657,608,426
"4632",3000,1000,888
"4633",754,605,113
"4634",696,371,302
"4635",775,275,223
"4636",529,413,354
"4637",1000,569,558
"4638",56,28,17
"4639",10000,416,279
"4640",945,756,501
"4641",131,60,27
"4642",1000,171,76
"4643",109,8,0
"4644",982,796,659
"4645",144,127,127
"4646",282,270,88
"4647",975,947,727
"4648",16,12,8
"4649",465,140,102
"4650",12000,1000,874
"4651",23000,813,522
"4652",0,0,0
"4653",904,782,734
"4654",938,904,567
"4655",904,517,172
"4656",284,234,221
"4657",418,146,141
"4658",489,207,175
"4659",1000,806,487
"4660",786,712,620
"4661",49,11,10
"4662",529,502,236
"4663",159,143,86
"4664",302,270,68
"4665",426,20,3
"4666",940,188,167
"4667",24,5,0
"4668",574,573,501
"4669",262,262,181
"4670",1000,749,258
"4671",247,217,152
"4672",35,16,13
"4673",214,115,69
"4674",134,93,37
"4675",11000,2000,425
"4676",25,0,0
"4677",2000,424,357
"4678",934,830,522
"4679",312,135,95
"4680",513,257,246
"4681",969,128,74
"4682",10000,787,389
"4683",319,90,48
"4684",108,72,21
"4685",1000,233,201
"4686",935,611,280
"4687",717,134,118
"4688",998,575,433
"4689",7,6,2
"4690",262,23,14
"4691",22000,4000,567
"4692",80,67,36
"4693",601,524,195
"4694",618,592,311
"4695",6000,918,84
"4696",730,716,324
"4697",33000,519,71
"4698",752,282,236
"4699",465,170,48
"4700",696,320,137
"4701",977,511,432
"4702",628,474,442
"4703",1000,338,21
"4704",523,385,258
"4705",260000,21000,2000
"4706",956,945,912
"4707",610,172,23
"4708",170,170,39
"4709",262,227,136
"4710",119,29,11
"4711",602,266,254
"4712",23,20,20
"4713",919,711,218
"4714",601,371,359
"4715",0,0,0
"4716",0,0,0
"4717",595,412,271
"4718",541,8,2
"4719",587,448,233
"4720",785,725,704
"4722",2000,433,221
"4723",0,0,0
"4724",848,153,150
"4725",0,0,0
"4726",407,189,142
"4727",48,10,7
"4728",833,523,201
"4729",423,23,22
"4730",0,0,0
"4731",22000,833,587
"4732",984,801,234
"4733",196,184,2
"4734",54,44,43
"4735",69,24,15
"4736",30,0,0
"4737",399,169,59
"4738",328,27,17
"4739",69,34,17
"4740",980,505,482
"4741",710,634,595
"4742",659,529,474
"4743",22000,1000,658
"4744",597,485,469
"4745",778,327,213
"4746",10000,10000,243
"4747",342,79,49
"4748",304,8,4
"4749",14,9,8
"4750",11000,422,329
"4751",239,172,143
"4752",353,248,196
"4753",17000,523,183
"4754",396,326,325
"4755",33000,1000,699
"4756",660,280,113
"4757",584,507,347
"4758",472,185,170
"4759",552,533,445
"4760",4,4,0
"4761",30,27,25
"4762",991,946,637
"4763",991,943,118
"4764",2,0,0
"4765",387,244,205
"4766",25000,766,680
"4767",685,492,238
"4768",970,812,569
"4769",358,317,152
"4770",1000,188,135
"4771",322,178,120
"4772",159,15,15
"4773",918,402,212
"4774",636,456,303
"4775",84,41,33
"4776",466,431,317
"4777",0,0,0
"4778",385,169,53
"4779",44000,15000,11000
"4780",488,11,10
"4781",353,12,10
"4782",773,89,80
"4783",472,251,237
"4784",10000,651,446
"4785",907,365,49
"4786",873,469,304
"4787",610,105,45
"4788",8,2,0
"4789",88,74,3
"4790",690,24,19
"4791",847,94,93
"4792",970,759,482
"4793",1000,235,92
"4794",189,109,21
"4795",22,20,5
"4796",795,561,332
"4797",231,200,138
"4798",361,14,6
"4799",1000,923,833
"4800",58,20,0
"4801",93,31,12
"4802",935,709,271
"4803",48,22,22
"4804",59,11,6
"4805",642,171,149
"4806",108,64,39
"4807",114,61,33
"4808",169,80,36
"4809",918,100,83
"4810",440,132,92
"4811",436,22,9
"4812",643,606,513
"4813",77,28,4
"4814",634,66,58
"4815",470,378,118
"4817",15,0,0
"4818",615,96,93
"4819",0,0,0
"4820",2000,821,576
"4821",196,3,0
"4822",2000,742,598
"4823",359,259,253
"4824",812,277,258
"4825",380,114,21
"4826",47,37,14
"4827",786,633,321
"4828",409,277,276
"4829",10000,1000,912
"4830",75,9,8
"4831",1000,806,543
"4832",19,16,2
"4833",52,44,26
"4834",375,44,26
"4835",795,659,301
"4836",710,257,0
"4839",581,99,87
"4840",318,157,104
"4841",54,53,25
"4842",502,119,32
"4843",5000,117,107
"4844",644,503,221
"4845",13000,926,668
"4846",685,665,309
"4847",156,102,87
"4848",500,317,248
"4849",19,0,0
"4850",431,338,180
"4851",778,456,313
"4852",601,260,235
"4853",13000,1000,781
"4854",400,286,225
"4855",466,216,99
"4856",94,26,13
"4857",360,273,10
"4858",625,487,129
"4859",250,89,51
"4860",569,553,185
"4861",686,648,319
"4862",991,575,62
"4863",5,2,0
"4864",308,249,142
"4865",34000,487,224
"4866",471,320,270
"4867",793,605,181
"4868",100,8,7
"4869",924,835,461
"4870",887,340,250
"4871",68,64,41
"4872",35,32,22
"4873",766,438,289
"4874",119,24,5
"4875",349,168,73
"4876",1000,53,3
"4877",135,115,76
"4878",337,168,104
"4879",338,219,152
"4880",602,427,180
"4881",0,0,0
"4882",236,206,89
"4883",1000,393,224
"4884",288,96,3
"4885",699,683,670
"4886",81,12,6
"4887",1000,185,29
"4888",431,297,142
"4889",27000,161,146
"4890",814,755,494
"4891",2,0,0
"4892",254,147,131
"4893",12,12,0
"4894",57,40,21
"4895",618,53,51
"4896",728,76,28
"4897",4000,135,31
"4898",16000,360,93
"4899",418,85,28
"4900",66,0,0
"4901",77000,21,16
"4902",1000,1000,305
"4903",24,20,9
"4904",96,90,61
"4905",178,58,15
"4906",17000,681,273
"4907",169,25,10
"4908",471,89,45
"4909",259,165,156
"4910",962,873,98
"4911",138,18,15
"4912",27,0,0
"4913",0,0,0
"4914",3000,985,782
"4915",505,323,131
"4916",2,0,0
"4917",563,194,32
"4918",236,189,31
"4919",178,32,27
"4920",110,79,75
"4921",433,375,178
"4922",36,35,27
"4923",507,75,67
"4924",539,53,46
"4925",0,0,0
"4926",0,0,0
"4927",574,399,259
"4928",2000,1000,826
"4929",982,535,101
"4930",270,54,26
"4931",376,346,184
"4932",200,96,18
"4933",142,23,3
"4934",58,2,2
"4935",498,204,115
"4936",52,36,21
"4937",383,371,177
"4938",39,36,27
"4939",0,0,0
"4940",502,366,232
"4941",0,0,0
"4942",909,91,42
"4943",783,782,697
"4944",196,180,163
"4945",120,119,100
"4948",830,128,9
"4950",847,686,405
"4951",847,686,405
"4952",125,108,56
"4953",12,7,5
"4954",990,664,400
"4955",206,81,69
"4956",589,150,51
"4957",220,40,7
"4958",195,158,121
"4959",2,2,0
"4960",467,322,287
"4961",1000,577,545
"4962",116,24,10
"4963",126,76,56
"4964",143,134,50
"4965",3000,982,307
"4966",0,0,0
"4967",798,279,140
"4968",142,86,75
"4969",416,18,10
"4970",440,98,13
"4971",45,0,0
"4972",956,878,616
"4973",103,0,0
"4974",1000,512,194
"4975",238,166,117
"4976",1000,184,153
"4977",118,15,3
"4978",0,0,0
"4979",968,407,128
"4980",10000,969,442
"4981",24,16,6
"4982",267,87,46
"4983",969,778,272
"4984",35,28,9
"4985",138,111,73
"4986",111,19,8
"4987",866,308,3
"4988",969,529,433
"4989",743,413,133
"4990",1000,36,15
"4992",19,9,5
"4994",852,680,236
"4995",26,20,18
"4996",695,571,69
"4997",948,482,281
"4998",552,61,15
"4999",20000,467,113
"5000",883,507,279
"5001",307,114,76
"5002",725,572,476
"5003",252,132,130
"5004",962,72,20
"5005",32,17,17
"5006",26,6,3
"5007",5,0,0
"5008",177,95,59
"5009",898,657,216
"5011",26,6,3
"5012",136,108,7
"5013",1000,206,120
"5014",93,46,42
"5015",986,918,492
"5016",5,0,0
"5017",313,25,9
"5018",370,184,138
"5019",51,49,4
"5020",630,512,265
"5021",720,19,8
"5022",830,224,10
"5023",147,19,4
"5024",331,212,211
"5025",407,91,86
"5026",462,143,105
"5027",576,133,45
"5028",5,0,0
"5029",10,5,0
"5030",89,13,6
"5031",21,20,12
"5032",785,98,84
"5033",789,194,152
"5034",291,45,8
"5035",0,0,0
"5036",121,20,6
"5037",45,44,2
"5038",296,205,133
"5039",637,470,318
"5040",841,593,319
"5041",0,0,0
"5042",946,719,489
"5043",86,23,16
